,name,goals_scored,assists,total_points,minutes,goals_conceded,creativity,influence,threat,bonus,bps,ict_index,clean_sheets,red_cards,yellow_cards,selected_by_percent,element_type,start_price,end_price
0,Folarin Balogun,0,0,0,0,0,0.0,0.0,0.0,0,0,0.0,0,0,0,0.2,FWD,4.5,4.4
1,Cédric Alves Soares,0,0,3,59,0,4.3,2.0,0.0,0,15,0.6,0,0,0,0.5,DEF,4.0,3.8
2,Mohamed Elneny,0,1,6,25,0,2.1,4.0,10.0,0,16,1.6,0,0,0,0.1,MID,4.5,4.4
3,Fábio Ferreira Vieira,1,3,24,290,2,88.8,82.8,85.0,0,67,25.5,1,1,0,0.1,MID,5.5,5.4
4,Gabriel dos Santos Magalhães,3,1,149,3042,26,121.9,675.8,379.0,8,676,117.9,16,0,4,28.3,DEF,5.0,5.4
5,Kai Havertz,13,10,180,2627,22,613.4,763.2,1027.0,15,515,240.2,16,0,11,11.9,MID,7.5,7.6
6,Gabriel Fernando de Jesus,4,7,85,1470,11,403.0,364.8,756.0,10,271,152.7,11,0,6,2.6,FWD,8.0,7.7
7,Jorge Luiz Frello Filho,0,2,44,913,11,187.8,165.4,16.0,1,182,36.8,4,0,1,0.2,MID,5.5,5.3
8,Jakub Kiwior,1,3,67,942,8,106.9,228.8,90.0,1,260,42.7,6,0,1,0.6,DEF,4.5,4.0
9,Marcus Oliveira Alencar,0,0,0,0,0,0.0,0.0,0.0,0,0,0.0,0,0,0,0.0,MID,4.5,4.5
10,Gabriel Martinelli Silva,6,5,118,2010,23,717.1,500.4,795.0,6,404,200.8,10,0,1,4.2,MID,8.0,7.5
11,Eddie Nketiah,5,4,71,1065,10,136.3,235.0,417.0,5,206,77.2,6,0,3,3.1,FWD,5.5,5.0
12,Martin Ødegaard,8,11,186,3098,23,1499.4,910.4,757.0,26,703,317.0,19,0,2,18.0,MID,8.5,8.6
13,Thomas Partey,0,0,24,785,5,122.9,117.6,37.0,0,142,27.8,5,0,3,0.1,MID,5.0,4.8
14,Nicolas Pépé,0,0,0,0,0,0.0,0.0,0.0,0,0,0.0,0,0,0,0.0,MID,5.0,4.9
15,Aaron Ramsdale,0,0,20,540,5,0.0,73.2,0.0,0,90,7.3,2,0,0,5.4,GK,5.0,4.5
16,Rúnar Alex Rúnarsson,0,0,0,0,0,0.0,0.0,0.0,0,0,0.0,0,0,0,0.1,GK,4.0,4.0
17,Bukayo Saka,16,12,226,2922,27,1319.8,1093.8,1342.0,29,776,375.7,16,0,4,49.2,MID,8.5,8.8
18,William Saliba,2,1,164,3420,29,152.1,697.2,140.0,13,781,99.1,18,0,4,39.1,DEF,5.0,5.9
19,Emile Smith Rowe,0,2,25,343,3,72.2,62.4,128.0,0,73,25.6,3,0,0,0.1,MID,5.5,5.3
20,Kieran Tierney,0,0,0,0,0,0.0,0.0,0.0,0,0,0.0,0,0,0,0.1,DEF,4.5,4.4
21,Takehiro Tomiyasu,2,1,70,1140,10,141.8,247.0,143.0,4,244,52.8,6,1,0,0.5,DEF,4.5,4.5
22,Leandro Trossard,12,2,138,1633,10,384.7,563.6,746.0,11,398,169.5,12,0,2,3.6,MID,7.0,6.6
23,Benjamin White,4,5,182,2987,26,589.4,765.8,234.0,14,776,159.0,18,0,8,23.3,DEF,5.5,6.1
24,Granit Xhaka,0,0,0,0,0,0.0,0.0,0.0,0,0,0.0,0,0,0,0.0,MID,6.0,6.0
25,Oleksandr Zinchenko,1,2,104,1717,15,474.8,395.4,133.0,16,468,100.4,9,0,2,5.1,DEF,5.0,5.0
26,David Raya Martin,0,0,135,2880,24,0.0,413.0,0.0,6,569,41.1,16,0,2,11.7,GK,5.0,5.3
27,Declan Rice,7,9,165,3225,28,745.3,959.4,451.0,17,744,215.9,17,0,5,6.2,MID,5.5,5.5
28,Reiss Nelson,0,0,16,256,1,87.7,42.8,39.0,0,58,16.9,1,0,1,0.0,MID,5.0,4.8
29,Jurriën Timber,0,0,0,70,0,4.7,5.8,2.0,0,4,1.3,0,0,2,0.4,DEF,5.0,4.6
30,Karl Hein,0,0,0,0,0,0.0,0.0,0.0,0,0,0.0,0,0,0,0.1,GK,4.0,4.0
31,Charles Sagoe,0,0,0,0,0,0.0,0.0,0.0,0,0,0.0,0,0,0,0.0,MID,4.5,4.5
32,Reuell Walters,0,0,0,0,0,0.0,0.0,0.0,0,0,0.0,0,0,0,0.0,DEF,4.0,4.0
33,Bradley Ibrahim,0,0,0,0,0,0.0,0.0,0.0,0,0,0.0,0,0,0,0.0,MID,4.5,4.5
34,Myles Lewis-Skelly,0,0,0,0,0,0.0,0.0,0.0,0,0,0.0,0,0,0,0.0,MID,4.5,4.5
35,Ethan Nwaneri,0,0,1,13,0,12.3,2.0,4.0,0,3,1.8,0,0,0,0.0,MID,4.5,4.5
36,Mauro Bandeira,0,0,0,0,0,0.0,0.0,0.0,0,0,0.0,0,0,0,0.0,MID,4.5,4.5
37,James Sweet,0,0,0,0,0,0.0,0.0,0.0,0,0,0.0,0,0,0,0.0,DEF,4.0,4.0
38,Alexandre Moreno Lopera,2,0,49,1024,20,156.9,217.8,152.0,5,211,52.7,3,0,2,1.1,DEF,5.0,4.9
39,Leon Bailey,10,11,148,2063,32,707.1,663.2,623.0,11,482,199.1,5,0,5,3.1,MID,5.5,5.4
40,Emiliano Buendía Stati,0,0,0,0,0,0.0,0.0,0.0,0,0,0.0,0,0,0,0.0,MID,6.0,5.7
41,Matty Cash,2,2,64,2138,36,231.8,465.2,378.0,4,337,107.1,3,0,8,9.9,DEF,4.5,4.5
42,Calum Chambers,0,1,6,149,6,12.2,39.0,0.0,0,37,5.1,0,0,1,2.2,DEF,4.0,3.8
43,Philippe Coutinho Correia,0,0,2,24,1,2.8,4.0,12.0,0,7,1.8,0,0,0,0.2,MID,6.0,5.8
44,Keinan Davis,0,0,0,0,0,0.0,0.0,0.0,0,0,0.0,0,0,0,0.1,FWD,5.0,4.9
45,Leander Dendoncker,1,1,20,118,3,3.9,59.2,37.0,3,64,10.0,0,0,0,0.0,MID,5.0,4.9
46,Diego Carlos Santos Silva,0,0,55,1809,36,59.8,370.4,100.0,1,338,53.2,6,0,4,0.5,DEF,4.5,4.4
47,Lucas Digne,1,4,85,2405,41,601.7,448.4,200.0,5,420,125.1,6,0,7,3.1,DEF,4.5,4.6
48,Douglas Luiz Soares de Paulo,9,5,148,2994,57,867.0,761.8,381.0,25,666,201.1,6,0,12,4.8,MID,5.5,5.4
49,Jhon Durán,5,1,50,461,12,55.2,190.2,165.0,7,162,40.2,0,0,5,0.2,FWD,5.0,5.0
50,Kortney Hause,0,0,0,0,0,0.0,0.0,0.0,0,0,0.0,0,0,0,0.2,DEF,4.0,3.9
51,Tim Iroegbunam,0,0,10,157,7,4.0,18.6,0.0,0,29,2.1,0,0,0,0.0,MID,4.5,4.4
52,Boubacar Kamara,0,1,40,1653,22,292.7,256.2,44.0,1,247,59.1,7,1,7,0.1,MID,5.0,5.0
53,Ezri Konsa Ngoyo,1,1,91,3069,54,170.6,554.4,223.0,7,562,95.0,7,0,5,2.2,DEF,4.5,4.5
54,Emiliano Martínez Romero,0,0,115,3015,48,20.0,802.0,0.0,19,640,82.2,8,0,4,10.5,GK,5.0,5.2
55,John McGinn,6,5,119,3000,54,690.7,640.4,360.0,9,502,169.4,7,1,9,0.9,MID,5.5,5.3
56,Tyrone Mings,0,0,0,30,2,13.0,3.6,5.0,0,5,2.2,0,0,0,1.0,DEF,4.5,4.1
57,Robin Olsen,0,0,17,405,13,0.0,194.6,0.0,3,107,19.5,0,0,0,0.6,GK,4.0,3.9
58,Jaden Philogene-Bidace,0,0,1,3,1,0.3,0.4,2.0,0,3,0.3,0,0,0,0.0,MID,4.5,4.5
59,Jacob Ramsey,1,1,29,848,12,159.3,124.0,182.0,0,101,46.7,0,0,2,0.1,MID,6.0,5.9
60,Morgan Sanson,0,0,0,0,0,0.0,0.0,0.0,0,0,0.0,0,0,0,0.0,MID,4.5,4.5
61,Viljami Sinisalo,0,0,0,0,0,0.0,0.0,0.0,0,0,0.0,0,0,0,0.0,GK,4.0,4.0
62,Youri Tielemans,2,6,77,1613,27,325.4,369.2,136.0,2,318,83.3,4,0,3,0.4,MID,6.0,5.6
63,Bertrand Traoré,0,0,2,10,0,0.0,3.0,0.0,0,6,0.3,0,0,0,0.0,MID,5.0,5.0
64,Ollie Watkins,19,18,228,3222,56,588.5,1024.6,1420.0,29,752,302.8,7,0,4,35.9,FWD,8.0,8.9
65,Wesley Moraes Ferreira da Silva,0,0,0,0,0,0.0,0.0,0.0,0,0,0.0,0,0,0,0.0,FWD,5.0,5.0
66,Pau Torres,2,0,85,2462,37,150.6,479.4,135.0,4,461,76.6,6,0,1,2.8,DEF,4.5,4.6
67,Moussa Diaby,6,11,142,2168,40,617.8,515.4,675.0,10,429,180.6,8,0,1,5.8,MID,6.5,6.3
68,Omari Kellyman,0,0,2,35,1,0.5,2.6,2.0,0,6,0.5,0,0,0,0.0,MID,4.5,4.5
69,Filip Marschall,0,0,0,0,0,0.0,0.0,0.0,0,0,0.0,0,0,0,0.0,GK,4.0,4.0
70,Nicolò Zaniolo,2,0,34,824,13,120.1,146.8,357.0,0,36,61.9,2,0,7,0.0,MID,5.5,5.4
71,Oliwier Zych,0,0,0,0,0,0.0,0.0,0.0,0,0,0.0,0,0,0,0.0,GK,4.0,4.0
72,Clément Lenglet,0,1,24,1153,27,41.8,250.6,103.0,0,207,39.5,2,0,3,0.2,DEF,4.5,4.5
73,Sam Proctor,0,0,0,0,0,0.0,0.0,0.0,0,0,0.0,0,0,0,0.0,GK,4.0,4.0
74,Tommi O'Reilly,0,0,0,0,0,0.0,0.0,0.0,0,0,0.0,0,0,0,0.0,MID,4.5,4.5
75,James Wright,0,0,0,0,0,0.0,0.0,0.0,0,0,0.0,0,0,0,0.0,GK,4.0,4.0
76,Kaine Kesler-Hayden,0,0,3,5,0,0.0,0.0,0.0,0,9,0.0,0,0,0,0.0,DEF,4.0,4.0
77,Morgan Rogers,3,1,35,636,13,118.4,177.8,150.0,0,114,44.5,2,0,3,0.0,MID,5.0,5.0
78,Joe Gauci,0,0,0,0,0,0.0,0.0,0.0,0,0,0.0,0,0,0,0.0,GK,4.0,3.9
79,Finley Munroe,0,0,1,3,0,1.0,0.0,0.0,0,3,0.1,0,0,0,0.0,DEF,4.0,4.0
80,Kadan Young,0,0,0,0,0,0.0,0.0,0.0,0,0,0.0,0,0,0,0.0,MID,4.5,4.5
81,Lander Emery,0,0,0,0,0,0.0,0.0,0.0,0,0,0.0,0,0,0,0.0,GK,4.0,4.0
82,Jaidon Anthony,0,0,3,151,5,4.6,9.0,16.0,0,4,3.0,0,0,1,0.0,MID,5.0,4.9
83,Philip Billing,2,3,60,1385,36,313.5,304.2,267.0,3,228,88.3,2,1,3,0.3,MID,5.5,5.1
84,David Brooks,1,1,23,271,7,112.4,88.2,113.0,2,71,31.4,0,0,1,0.0,MID,5.0,4.7
85,Ryan Christie,0,5,90,2908,56,780.2,620.2,351.0,5,433,175.4,8,0,6,0.1,MID,5.0,5.0
86,Lewis Cook,0,3,77,2787,51,681.9,520.2,67.0,5,446,127.2,8,1,5,0.1,MID,5.0,4.8
87,Siriki Dembélé,0,0,0,0,0,0.0,0.0,0.0,0,0,0.0,0,0,0,0.0,MID,4.5,4.5
88,Ryan Fredericks,0,0,0,0,0,0.0,0.0,0.0,0,0,0.0,0,0,0,0.0,DEF,4.5,4.3
89,James Hill,0,0,5,74,1,2.2,32.6,0.0,0,22,3.5,0,0,0,0.1,DEF,4.0,4.0
90,Lloyd Kelly,0,1,48,1553,32,141.8,279.0,48.0,5,293,46.9,4,0,2,0.1,DEF,4.5,4.5
91,Gavin Kilkenny,0,0,0,0,0,0.0,0.0,0.0,0,0,0.0,0,0,0,0.1,MID,4.5,4.3
92,Justin Kluivert,7,1,100,1910,23,283.2,362.2,619.0,2,229,126.4,11,0,5,0.7,MID,5.0,4.6
93,Jamal Lowe,0,0,0,0,0,0.0,0.0,0.0,0,0,0.0,0,0,0,0.0,MID,5.0,4.9
94,Emiliano Marcondes,0,0,0,0,0,0.0,0.0,0.0,0,0,0.0,0,0,0,0.0,MID,4.5,4.3
95,Chris Mepham,0,1,16,613,16,40.0,142.6,27.0,0,113,21.0,1,0,2,0.1,DEF,4.5,4.3
96,Kieffer Moore,1,0,14,100,2,27.9,37.4,81.0,2,38,14.1,0,0,0,0.2,FWD,5.0,4.6
97,Norberto Murara Neto,0,0,110,2880,55,0.0,875.2,0.0,14,592,87.5,7,0,5,4.2,GK,4.5,4.6
98,Dango Ouattara,1,2,56,1214,24,245.4,298.4,332.0,3,207,87.8,5,0,3,0.0,MID,5.0,4.7
99,Ben Pearson,0,0,0,0,0,0.0,0.0,0.0,0,0,0.0,0,0,0,0.0,MID,4.5,4.5
100,Darren Randolph,0,0,0,0,0,0.0,0.0,0.0,0,0,0.0,0,0,0,0.4,GK,4.0,3.9
101,Joe Rothwell,0,0,13,380,12,63.9,45.8,5.0,0,54,11.6,0,0,0,0.0,MID,5.0,4.8
102,Antoine Semenyo,8,4,107,2099,33,411.2,506.8,748.0,14,363,166.8,8,0,6,2.0,FWD,4.5,4.5
103,Marcos Senesi,4,5,102,2239,44,311.2,735.0,147.0,13,486,119.7,6,0,13,2.4,DEF,4.5,4.4
104,Adam Smith,0,3,80,2148,33,296.5,336.4,27.0,4,378,66.1,8,0,6,0.5,DEF,4.5,4.4
105,Dominic Solanke,19,3,175,3325,61,479.6,902.0,1348.0,20,560,272.7,10,0,3,17.8,FWD,6.5,6.9
106,Marcus Tavernier,3,4,89,2118,38,649.4,468.4,460.0,5,324,157.8,8,0,3,0.3,MID,5.5,5.0
107,Hamed Traorè,0,0,3,44,1,14.8,12.8,30.0,0,10,5.7,0,0,0,0.0,MID,5.0,4.7
108,Mark Travers,0,0,19,360,5,0.0,92.6,0.0,2,79,9.3,2,0,0,0.3,GK,4.0,4.0
109,Illia Zabarnyi,1,0,84,3330,67,111.1,686.0,117.0,3,583,91.5,8,0,5,1.9,DEF,4.5,4.4
110,Milos Kerkez,0,2,59,1966,37,216.5,310.0,150.0,1,290,67.7,6,1,4,0.3,DEF,4.5,4.4
111,Ionuț Radu,0,0,2,180,7,0.0,33.0,0.0,0,31,3.3,0,0,0,0.1,GK,4.5,4.3
112,Ben Greenwood,0,0,0,0,0,0.0,0.0,0.0,0,0,0.0,0,0,0,0.1,DEF,4.0,4.0
113,Max Aarons,0,1,28,1233,35,114.0,179.6,27.0,0,199,31.8,2,0,1,0.1,DEF,4.5,4.4
114,Alex Scott,1,1,41,1003,25,294.7,197.0,116.0,3,163,60.7,3,0,3,0.0,MID,5.0,4.9
115,Tyler Adams,0,0,5,118,3,14.1,24.6,10.0,1,28,4.9,0,0,0,0.0,MID,5.0,4.9
116,Luis Sinisterra,2,2,43,685,18,251.4,221.4,343.0,2,149,81.7,1,0,0,0.0,MID,5.5,5.5
117,Romain Faivre,0,0,4,37,1,2.5,5.0,13.0,0,9,1.8,0,0,1,0.0,MID,5.0,5.0
118,Max Kinsey,0,0,0,0,0,0.0,0.0,0.0,0,0,0.0,0,0,0,0.0,DEF,4.0,4.0
119,Enes Ünal,2,4,40,317,9,58.6,142.4,242.0,3,99,43.7,1,0,1,0.0,FWD,5.0,5.0
120,Dominic Sadi,0,0,1,1,0,0.0,0.0,0.0,0,3,0.0,0,0,0,0.0,MID,4.5,4.5
121,Michael Dacosta Gonzalez,0,0,0,0,0,0.0,0.0,0.0,0,0,0.0,0,0,0,0.0,MID,4.5,4.5
122,Callan McKenna,0,0,0,0,0,0.0,0.0,0.0,0,0,0.0,0,0,0,0.0,GK,4.0,4.0
123,Kristoffer Ajer,2,1,68,1826,33,166.6,406.8,223.0,3,323,79.7,5,0,5,0.7,DEF,4.5,4.4
124,Ellery Balcombe,0,0,0,0,0,0.0,0.0,0.0,0,0,0.0,0,0,0,0.2,GK,4.0,3.9
125,Shandon Baptiste,1,1,19,222,5,54.8,92.4,60.0,0,83,20.6,0,0,1,0.7,MID,4.5,4.3
126,Mads Bech Sørensen,0,0,0,0,0,0.0,0.0,0.0,0,0,0.0,0,0,0,0.1,DEF,4.0,4.0
127,Mads Bidstrup,0,0,0,0,0,0.0,0.0,0.0,0,0,0.0,0,0,0,0.0,MID,4.5,4.5
128,Sergi Canós Tenés,0,0,0,0,0,0.0,0.0,0.0,0,0,0.0,0,0,0,0.0,MID,5.0,5.0
129,Nathan Collins,1,1,84,2649,51,151.5,653.8,180.0,8,489,98.7,7,0,3,0.8,DEF,4.5,4.5
130,Matthew Cox,0,0,0,0,0,0.0,0.0,0.0,0,0,0.0,0,0,0,0.0,GK,4.0,4.0
131,Mikkel Damsgaard,0,4,45,829,9,179.1,162.6,103.0,0,155,44.7,5,0,2,0.0,MID,5.0,4.8
132,Josh Dasilva,0,0,3,22,0,15.4,6.8,14.0,0,6,3.6,0,0,0,0.0,MID,5.0,4.7
133,Halil Dervişoğlu,0,0,0,0,0,0.0,0.0,0.0,0,0,0.0,0,0,0,0.0,FWD,4.5,4.5
134,Mark Flekken,0,1,119,3285,63,40.3,921.2,0.0,12,685,96.2,7,0,3,4.5,GK,4.5,4.7
135,Charlie Goode,0,0,0,0,0,0.0,0.0,0.0,0,0,0.0,0,0,0,0.1,DEF,4.0,3.9
136,Rico Henry,0,1,13,401,5,67.9,72.8,17.0,0,74,15.7,1,0,1,0.8,DEF,4.5,4.2
137,Aaron Hickey,0,0,17,713,12,28.4,66.6,37.0,0,87,12.9,2,0,5,0.1,DEF,4.5,4.3
138,Vitaly Janelt,1,4,93,3054,52,562.5,503.4,285.0,1,466,135.3,9,0,8,0.1,MID,5.5,5.2
139,Mathias Jensen,3,4,98,2201,45,689.3,481.2,135.0,10,422,130.4,9,0,5,0.7,MID,5.5,5.2
140,Keane Lewis-Potter,3,2,73,1428,29,203.8,280.0,573.0,1,186,105.6,6,0,0,0.1,MID,5.0,4.7
141,Bryan Mbeumo,9,7,127,1957,31,572.1,554.2,576.0,12,364,170.1,5,0,2,6.7,MID,6.5,6.8
142,Ben Mee,2,1,39,1272,28,88.2,334.8,118.0,3,210,54.2,1,1,1,1.1,DEF,5.0,4.7
143,Christian Nørgaard,2,1,74,2504,51,396.2,501.8,316.0,3,414,121.8,6,0,8,0.1,MID,5.5,5.2
144,Frank Onyeka,1,2,39,1147,27,178.3,259.0,189.0,0,150,62.6,1,0,8,0.0,MID,5.0,4.9
145,Ethan Pinnock,2,0,77,2521,46,63.4,653.2,221.0,5,479,94.2,5,0,1,1.4,DEF,4.5,4.5
146,Mads Roerslev Rasmussen,1,2,75,1975,40,281.3,382.0,94.0,3,354,76.3,5,0,1,0.4,DEF,4.5,4.4
147,Kevin Schade,2,2,33,327,5,58.3,105.8,100.0,2,81,26.2,1,0,0,0.1,MID,5.5,5.2
148,Thomas Strakosha,0,0,4,135,2,0.0,42.8,0.0,0,24,4.3,0,0,0,1.2,GK,4.0,3.9
149,Ivan Toney,4,3,57,1449,30,206.5,289.6,524.0,4,159,101.7,3,0,5,3.7,FWD,8.0,7.7
150,Ryan Trevitt,0,0,0,0,0,0.0,0.0,0.0,0,0,0.0,0,0,0,0.0,MID,4.5,4.5
151,Yoane Wissa,12,4,131,2488,40,384.0,592.8,769.0,15,457,173.2,11,0,7,5.1,FWD,6.0,5.7
152,Yegor Yarmoliuk,0,0,33,670,9,66.9,98.4,127.0,0,95,29.0,4,0,2,0.7,MID,4.4,4.2
153,Mathias Jorgensen,1,0,29,1086,24,94.0,216.0,90.0,3,179,40.0,2,0,4,0.3,DEF,4.5,4.3
154,Neal Maupay,6,3,76,1417,37,242.5,325.8,568.0,6,248,112.6,4,0,8,0.9,FWD,5.0,4.9
155,Sergio Reguilón,0,6,74,1524,30,436.3,390.2,111.0,14,350,93.8,5,1,7,3.0,DEF,4.5,4.5
156,Michael Olakigbe,0,0,8,51,0,4.1,4.8,27.0,0,14,3.5,0,0,0,0.0,MID,4.5,4.5
157,Ethan Brierley,0,0,0,0,0,0.0,0.0,0.0,0,0,0.0,0,0,0,0.0,MID,4.5,4.5
158,Saman Ghoddos,1,0,26,728,20,163.8,139.8,45.0,0,127,35.1,0,0,5,0.0,MID,4.5,4.5
159,Ji-Soo Kim,0,0,0,0,0,0.0,0.0,0.0,0,0,0.0,0,0,0,0.0,DEF,4.0,4.0
160,Valintino Adedokun,0,0,0,0,0,0.0,0.0,0.0,0,0,0.0,0,0,0,0.0,DEF,4.0,4.0
161,Myles Peart-Harris,0,0,3,11,0,10.9,2.2,2.0,0,6,1.5,0,0,0,0.0,MID,4.5,4.5
162,Vincent Angelini,0,0,0,0,0,0.0,0.0,0.0,0,0,0.0,0,0,0,0.0,GK,4.0,4.0
163,Hákon Valdimarsson,0,0,0,0,0,0.0,0.0,0.0,0,0,0.0,0,0,0,0.0,GK,4.0,4.0
164,Benjamin Fredrick,0,0,0,0,0,0.0,0.0,0.0,0,0,0.0,0,0,0,0.0,DEF,4.0,4.0
165,Benjamin Arthur,0,0,0,0,0,0.0,0.0,0.0,0,0,0.0,0,0,0,0.0,DEF,4.0,4.0
166,Yunus Konak,0,0,0,0,0,0.0,0.0,0.0,0,0,0.0,0,0,0,0.0,MID,4.5,4.5
167,Simon Adingra,6,1,97,2220,38,507.8,477.6,751.0,8,330,173.4,4,0,3,0.6,MID,5.0,5.0
168,Steven Alzate,0,0,0,0,0,0.0,0.0,0.0,0,0,0.0,0,0,0,0.0,MID,4.5,4.4
169,Yasin Ayari,0,0,0,0,0,0.0,0.0,0.0,0,0,0.0,0,0,0,0.0,MID,4.5,4.5
170,Facundo Buonanotte,3,1,57,1356,19,291.3,254.8,238.0,1,160,78.4,6,0,7,0.1,MID,5.0,4.7
171,Aaron Connolly,0,0,0,0,0,0.0,0.0,0.0,0,0,0.0,0,0,0,0.0,FWD,4.5,4.5
172,Mahmoud Dahoud,0,1,14,449,6,127.2,70.4,24.0,0,68,21.7,1,1,1,0.1,MID,5.0,4.8
173,Lewis Dunk,3,1,89,2869,53,205.4,823.0,389.0,11,567,141.7,5,1,6,5.3,DEF,5.0,5.2
174,Julio Enciso,0,2,20,468,12,131.7,81.0,157.0,0,62,36.9,0,0,2,0.4,MID,5.5,5.0
175,Pervis Estupiñán,2,3,57,1242,26,382.6,350.8,156.0,7,291,89.0,3,0,4,14.5,DEF,5.0,4.7
176,Evan Ferguson,6,1,69,1356,28,106.7,275.0,393.0,5,218,77.3,2,0,1,3.5,FWD,6.0,5.7
177,Billy Gilmour,0,3,61,2116,37,481.5,291.4,104.0,4,354,87.7,6,1,8,0.2,MID,5.0,4.8
178,Pascal Groß,4,11,153,3112,50,1674.9,988.6,434.0,29,724,309.9,7,0,6,4.1,MID,6.5,6.1
179,João Pedro Junqueira de Jesus,9,3,104,2037,38,578.8,622.4,932.0,12,406,213.4,5,0,2,6.1,FWD,5.5,5.2
180,Michał Karbownik,0,0,0,0,0,0.0,0.0,0.0,0,0,0.0,0,0,0,0.0,DEF,4.0,4.0
181,Kacper Kozłowski,0,0,0,0,0,0.0,0.0,0.0,0,0,0.0,0,0,0,0.0,MID,4.5,4.5
182,Adam Lallana,0,1,30,839,13,248.7,83.0,130.0,0,95,45.8,2,0,2,0.0,MID,5.0,4.9
183,Tariq Lamptey,0,3,31,908,20,173.7,144.6,60.0,0,155,37.6,1,0,3,3.6,DEF,4.0,3.9
184,Solly March,3,1,39,555,11,126.5,197.4,139.0,6,134,46.4,2,0,1,2.0,MID,6.5,6.1
185,Tom McGill,0,0,0,0,0,0.0,0.0,0.0,0,0,0.0,0,0,0,0.2,GK,4.0,3.9
186,James Milner,0,2,28,770,12,253.5,152.8,61.0,0,146,46.8,4,0,3,0.1,MID,5.0,4.8
187,Kaoru Mitoma,3,7,74,1485,27,375.1,327.6,636.0,7,252,134.0,1,0,4,11.8,MID,6.5,6.4
188,Jakub Moder,0,0,21,608,13,82.3,87.2,84.0,0,89,25.4,1,0,2,0.1,MID,4.5,4.4
189,Jeremy Sarmiento Morante,0,0,0,0,0,0.0,0.0,0.0,0,0,0.0,0,0,0,0.0,MID,4.5,4.5
190,Kjell Scherpen,0,0,0,0,0,0.0,0.0,0.0,0,0,0.0,0,0,0,0.0,GK,4.0,4.0
191,Jason Steele,0,0,42,1530,34,0.1,382.2,0.0,5,300,38.2,2,0,0,1.7,GK,4.5,4.0
192,Deniz Undav,0,0,0,0,0,0.0,0.0,0.0,0,0,0.0,0,0,0,0.0,FWD,5.5,5.5
193,Jan Paul van Hecke,0,0,61,2368,38,176.4,631.8,175.0,3,454,98.5,5,0,4,2.1,DEF,4.0,4.0
194,Joël Veltman,1,1,49,1579,32,97.8,320.8,98.0,0,294,51.8,3,0,4,0.6,DEF,4.5,4.3
195,Bart Verbruggen,0,0,68,1890,28,1.0,541.4,0.0,7,417,54.3,4,0,3,1.2,GK,4.5,4.4
196,Adam Webster,0,0,26,1142,22,89.3,252.2,54.0,2,212,39.7,2,0,2,0.3,DEF,4.5,4.2
197,Danny Welbeck,5,4,79,1687,28,320.9,326.2,492.0,5,261,114.0,8,0,4,1.0,FWD,6.0,5.7
198,Andi Zeqiri,0,0,0,0,0,0.0,0.0,0.0,0,0,0.0,0,0,0,0.4,FWD,4.5,4.4
199,Igor Julio dos Santos de Paulo,0,0,37,1631,26,135.5,297.8,23.0,1,311,45.8,2,0,4,0.2,DEF,4.5,4.3
200,Jack Hinshelwood,3,0,42,866,17,118.9,200.2,230.0,5,155,55.0,2,0,1,0.0,MID,4.5,4.5
201,Carlos Baleba,0,0,34,1314,28,134.7,179.8,72.0,0,174,38.8,2,0,7,0.0,MID,4.5,4.5
202,Anssumane Fati Vieira,2,1,33,509,12,92.1,121.4,292.0,1,84,50.5,1,0,2,0.4,MID,6.5,6.4
203,Mark O’Mahony,0,0,2,61,1,1.6,6.0,6.0,0,5,1.3,0,0,1,0.0,FWD,4.5,4.5
204,Benicio Baker-Boaitey,0,0,4,37,1,12.6,4.6,4.0,0,10,1.9,0,0,1,0.0,MID,4.5,4.5
205,Ben Jackson,0,0,0,0,0,0.0,0.0,0.0,0,0,0.0,0,0,0,0.0,DEF,4.0,4.0
206,Joshua Duffus,0,0,0,0,0,0.0,0.0,0.0,0,0,0.0,0,0,0,0.0,MID,4.5,4.4
207,Leigh Kavanagh,0,0,0,0,0,0.0,0.0,0.0,0,0,0.0,0,0,0,0.0,DEF,4.0,4.0
208,Luca Barrington,0,0,0,0,0,0.0,0.0,0.0,0,0,0.0,0,0,0,0.0,MID,4.5,4.5
209,Cameron Peupion,0,0,0,0,0,0.0,0.0,0.0,0,0,0.0,0,0,0,0.0,MID,4.5,4.5
210,Valentín Barco,0,0,5,307,9,69.6,44.8,39.0,0,33,15.5,0,0,1,0.0,DEF,4.0,4.0
211,Samy Chouchane,0,0,0,0,0,0.0,0.0,0.0,0,0,0.0,0,0,0,0.0,MID,4.5,4.5
212,Odeluga Offiah,0,0,4,126,3,5.5,6.4,4.0,0,21,1.6,0,0,0,0.0,DEF,4.0,4.0
213,Noël Atom,0,0,0,0,0,0.0,0.0,0.0,0,0,0.0,0,0,0,0.0,DEF,4.0,4.0
214,Enock Agyei,0,0,0,0,0,0.0,0.0,0.0,0,0,0.0,0,0,0,0.4,MID,4.5,4.2
215,Ameen Al-Dakhil,1,0,19,1055,26,42.8,193.0,84.0,0,127,32.0,0,0,1,1.2,DEF,4.0,3.8
216,Samuel Bastien,0,0,0,0,0,0.0,0.0,0.0,0,0,0.0,0,0,0,0.0,MID,5.0,4.9
217,Manuel Benson Hedilazio,0,0,8,110,5,26.4,17.6,30.0,0,22,7.5,0,0,0,0.1,MID,5.5,5.2
218,Jordan Beyer,0,1,30,1234,23,46.1,330.8,35.0,4,236,41.3,2,0,6,0.8,DEF,4.0,3.9
219,Josh Brownhill,4,2,78,2248,56,501.5,499.0,234.0,2,365,123.5,2,1,4,0.2,MID,5.0,4.7
220,Darko Churlinov,0,0,0,0,0,0.0,0.0,0.0,0,0,0.0,0,0,0,0.0,MID,4.5,4.4
221,Jack Cork,0,0,4,25,0,5.2,4.2,2.0,0,8,1.1,0,0,0,0.0,MID,5.0,4.8
222,Dara Costelloe,0,0,0,0,0,0.0,0.0,0.0,0,0,0.0,0,0,0,0.0,MID,4.5,4.5
223,Josh Cullen,2,4,65,2055,48,426.7,458.0,106.0,5,375,98.9,0,0,9,0.1,MID,5.0,5.0
224,CJ Egan-Riley,0,0,0,0,0,0.0,0.0,0.0,0,0,0.0,0,0,0,0.1,DEF,4.0,3.9
225,Hjalmar Ekdal,0,0,15,436,8,15.9,76.6,15.0,3,77,10.7,1,0,2,0.2,DEF,4.0,3.9
226,Lyle Foster,5,3,75,1898,43,263.4,364.2,467.0,4,229,109.6,2,1,0,0.4,FWD,5.0,4.7
227,Denis Franchi,0,0,0,0,0,0.0,0.0,0.0,0,0,0.0,0,0,0,0.1,GK,4.0,3.9
228,Jóhann Berg Gudmundsson,1,3,48,1185,25,515.6,234.6,158.0,0,193,91.0,2,0,2,0.0,MID,5.0,4.8
229,Luke McNally,0,0,0,0,0,0.0,0.0,0.0,0,0,0.0,0,0,0,0.0,DEF,4.0,4.0
230,Arijanet Muric,0,0,47,900,16,40.3,513.0,0.0,12,241,55.3,0,0,0,0.6,GK,4.5,4.3
231,Dara O'Shea,3,4,69,2892,71,189.7,772.0,213.0,2,478,117.7,2,1,5,0.3,DEF,4.5,4.4
232,Michael Obafemi,0,0,2,19,0,0.6,0.0,17.0,0,4,1.7,0,0,0,0.0,FWD,5.0,4.9
233,Bailey Peacock-Farrell,0,0,0,0,0,0.0,0.0,0.0,0,0,0.0,0,0,0,0.0,GK,4.0,4.0
234,Connor Roberts,0,1,12,817,23,104.1,142.8,12.0,0,111,25.7,0,1,3,0.1,DEF,4.5,4.3
235,Jay Rodriguez,2,1,41,811,18,66.2,138.8,232.0,3,108,42.6,1,0,0,0.2,FWD,5.5,5.3
236,Charlie Taylor,1,1,47,2329,46,275.7,395.6,59.0,1,347,73.3,2,0,8,2.7,DEF,4.0,3.9
237,Bobby Thomas,0,0,0,0,0,0.0,0.0,0.0,0,0,0.0,0,0,0,0.0,DEF,4.0,4.0
238,Scott Twine,0,0,0,0,0,0.0,0.0,0.0,0,0,0.0,0,0,0,0.0,MID,5.0,4.9
239,Lawrence Vigouroux,0,0,0,0,0,0.0,0.0,0.0,0,0,0.0,0,0,0,0.2,GK,4.0,3.9
240,Victor da Silva,0,3,60,2311,44,200.8,305.4,228.0,2,259,73.0,2,0,1,0.2,DEF,4.5,4.4
241,Wout Weghorst,0,0,0,0,0,0.0,0.0,0.0,0,0,0.0,0,0,0,0.0,FWD,5.5,5.5
242,Anass Zaroury,0,0,4,149,4,36.3,6.8,19.0,0,10,5.6,0,1,0,0.0,MID,5.0,4.6
243,David Datro Fofana,4,1,50,876,18,111.7,212.0,273.0,8,133,59.2,1,0,1,0.2,FWD,5.0,5.0
244,Sander Berge,1,2,74,3002,70,446.3,533.6,161.0,3,430,114.3,2,1,8,0.1,MID,5.0,4.6
245,Zeki Amdouni,5,1,85,1953,41,246.5,372.8,509.0,11,243,112.4,5,0,2,0.2,FWD,5.5,5.1
246,James Trafford,0,0,70,2520,62,3.3,903.6,0.0,5,533,90.7,2,0,2,0.9,GK,4.5,4.4
247,Nathan Redmond,0,0,11,132,5,52.5,23.8,18.0,0,38,9.4,0,0,1,0.0,MID,5.0,4.7
248,Luca Koleosho,1,2,40,972,23,147.9,86.8,213.0,0,80,44.5,3,0,0,0.0,MID,5.0,4.8
249,Jacob Bruun Larsen,6,0,82,1235,23,416.5,335.8,448.0,7,237,119.5,3,0,1,0.1,MID,5.0,4.8
250,Owen Dodgson,0,0,0,0,0,0.0,0.0,0.0,0,0,0.0,0,0,0,0.0,DEF,4.0,4.0
251,Wilson Odobert,3,4,82,2095,48,435.4,331.0,445.0,3,303,121.1,2,0,3,0.1,MID,5.0,5.0
252,Hannes Delcroix,0,0,7,584,25,57.8,110.0,42.0,0,88,20.9,0,0,2,0.1,DEF,4.0,4.0
253,Aaron Ramsey,0,0,18,522,17,28.0,51.2,53.0,0,62,12.7,0,0,1,0.0,MID,5.0,5.0
254,Han-Noah Massengo,0,0,3,14,0,0.1,2.8,0.0,0,11,0.3,0,0,0,0.0,MID,5.0,4.9
255,Mike Trésor,0,0,20,410,10,110.5,44.4,24.0,0,73,18.0,0,0,0,0.0,MID,5.5,5.2
256,Lorenz Assignon,1,2,25,1235,32,176.0,270.2,119.0,3,140,56.6,0,1,3,0.2,DEF,4.0,4.0
257,Maxime Esteve,0,0,15,1310,28,38.9,229.2,29.0,0,157,29.9,0,0,6,0.0,DEF,4.0,4.0
258,Moisés Caicedo Corozo,1,3,84,2865,50,403.2,613.6,68.0,6,466,108.2,7,0,11,1.2,MID,5.0,4.5
259,Robert Sánchez,0,0,59,1433,25,0.1,450.6,0.0,7,317,45.2,3,0,2,2.2,GK,4.5,4.5
260,Ethan Ampadu,0,0,0,0,0,0.0,0.0,0.0,0,0,0.0,0,0,0,0.0,DEF,4.0,4.0
261,Andrey Nascimento dos Santos,0,0,1,7,0,0.5,0.0,3.0,0,1,0.2,0,0,0,0.1,MID,4.5,4.2
262,Kepa Arrizabalaga,0,0,0,0,0,0.0,0.0,0.0,0,0,0.0,0,0,0,0.2,GK,5.0,5.0
263,Pierre-Emerick Aubameyang,0,0,0,0,0,0.0,0.0,0.0,0,0,0.0,0,0,0,0.0,FWD,6.5,6.5
264,César Azpilicueta,0,0,0,0,0,0.0,0.0,0.0,0,0,0.0,0,0,0,0.0,DEF,4.5,4.5
265,Abdul Rahman Baba,0,0,0,0,0,0.0,0.0,0.0,0,0,0.0,0,0,0,0.0,DEF,4.0,4.0
266,Benoît Badiashile,0,1,35,1337,31,87.4,336.4,51.0,4,267,47.5,3,0,3,0.3,DEF,4.5,4.4
267,Marcus Bettinelli,0,0,-1,0,0,0.0,0.0,0.0,0,-3,0.0,0,0,1,0.0,GK,4.0,4.0
268,Trevoh Chalobah,1,0,39,949,14,45.4,250.8,38.0,4,221,33.4,3,0,1,2.0,DEF,4.5,4.3
269,Ben Chilwell,0,2,24,752,14,212.8,128.4,139.0,2,123,48.0,1,0,5,4.7,DEF,5.5,5.4
270,Carney Chukwuemeka,1,1,16,222,5,68.6,78.4,52.0,0,53,19.9,0,0,2,1.0,MID,4.5,4.2
271,Levi Colwill,1,1,65,1794,26,113.2,394.6,163.0,4,355,67.2,5,0,2,2.1,DEF,4.5,4.6
272,Marc Cucurella Saseta,0,3,44,1783,33,283.9,384.4,122.0,3,318,79.3,4,0,10,3.7,DEF,5.0,4.9
273,Enzo Fernández,3,3,77,2208,47,567.7,527.2,369.0,4,369,146.3,5,0,7,1.9,MID,5.0,4.8
274,Wesley Fofana,0,0,0,0,0,0.0,0.0,0.0,0,0,0.0,0,0,0,0.0,DEF,4.5,4.4
275,Conor Gallagher,5,8,129,3129,56,821.5,754.8,401.0,10,618,197.4,8,1,7,1.7,MID,5.5,5.4
276,Malo Gusto,0,6,74,1746,28,494.8,434.8,174.0,10,409,110.4,5,1,7,8.2,DEF,4.0,4.3
277,Reece James,0,2,11,416,13,172.1,137.4,61.0,0,106,37.1,0,2,0,2.7,DEF,5.5,5.3
278,Romelu Lukaku Bolingoli,0,0,0,0,0,0.0,0.0,0.0,0,0,0.0,0,0,0,0.3,FWD,7.0,6.8
279,Noni Madueke,5,3,76,1044,19,287.5,341.6,401.0,7,253,102.8,4,0,2,1.2,MID,5.5,5.3
280,Mykhailo Mudryk,5,5,94,1564,28,457.5,347.2,420.0,5,291,122.4,7,0,5,0.9,MID,6.5,6.3
281,Nicolas Jackson,14,6,142,2801,48,501.7,783.8,1098.0,12,479,237.7,9,0,10,17.9,FWD,7.0,7.0
282,Christopher Nkunku,3,0,29,437,12,74.5,134.6,222.0,4,96,42.7,0,0,0,1.0,FWD,7.5,7.2
283,Christian Pulisic,0,0,0,0,0,0.0,0.0,0.0,0,0,0.0,0,0,0,0.0,MID,5.5,5.5
284,Malang Sarr,0,0,0,0,0,0.0,0.0,0.0,0,0,0.0,0,0,0,0.1,DEF,4.5,4.3
285,Gabriel Słonina,0,0,0,0,0,0.0,0.0,0.0,0,0,0.0,0,0,0,0.0,GK,4.0,4.0
286,Raheem Sterling,8,8,123,1972,38,473.7,502.8,747.0,8,323,172.1,5,0,7,4.8,MID,7.0,6.8
287,Thiago Emiliano da Silva,3,1,98,2525,45,138.7,797.0,165.0,12,604,110.6,7,0,4,4.5,DEF,5.0,5.0
288,Hakim Ziyech,0,0,0,0,0,0.0,0.0,0.0,0,0,0.0,0,0,0,0.1,MID,5.5,5.4
289,Cole Palmer,22,13,244,2617,46,1022.5,1240.2,1016.0,32,844,327.8,7,0,7,51.3,MID,5.0,6.3
290,Ângelo Gabriel Borges Damaceno,0,0,0,0,0,0.0,0.0,0.0,0,0,0.0,0,0,0,0.0,MID,5.0,5.0
291,Ian Maatsen,0,0,11,200,5,44.8,29.4,29.0,0,24,10.3,0,0,1,0.0,MID,5.5,5.1
292,Axel Disasi,2,0,71,2579,50,105.5,573.2,172.0,6,468,85.1,5,0,6,3.4,DEF,5.0,4.9
293,Lesley Ugochukwu,0,0,13,296,6,44.4,60.8,4.0,0,62,10.9,1,0,2,0.1,MID,4.5,4.4
294,Mason Burstow,0,0,2,8,1,0.6,0.4,2.0,0,6,0.3,0,0,0,0.1,FWD,4.5,4.5
295,Lucas Bergström,0,0,0,0,0,0.0,0.0,0.0,0,0,0.0,0,0,0,0.0,GK,4.0,3.9
296,Roméo Lavia,0,0,1,32,0,1.9,3.6,0.0,0,2,0.6,0,0,0,0.0,MID,5.0,4.9
297,Bashir Humphreys,0,0,0,0,0,0.0,0.0,0.0,0,0,0.0,0,0,0,0.0,DEF,4.0,4.0
298,Deivid Washington de Souza Eugênio,0,0,2,11,1,0.1,0.0,4.0,0,5,0.4,0,0,0,0.1,FWD,4.5,4.5
299,Eddie Beach,0,0,0,0,0,0.0,0.0,0.0,0,0,0.0,0,0,0,0.0,GK,4.0,4.0
300,Diego Manuel Jadon da Silva Moreira,0,0,0,0,0,0.0,0.0,0.0,0,0,0.0,0,0,0,0.0,MID,4.5,4.5
301,Đorđe Petrović,0,0,71,1986,38,0.0,567.8,0.0,5,414,56.8,5,0,2,8.4,GK,4.5,4.7
302,Alfie Gilchrist,1,0,20,200,6,8.6,70.6,33.0,0,67,11.1,1,0,1,0.1,DEF,4.0,4.0
303,Ronnie Stutter,0,0,0,0,0,0.0,0.0,0.0,0,0,0.0,0,0,0,0.0,FWD,4.5,4.5
304,Alex Matos,0,0,1,1,0,0.0,0.0,0.0,0,2,0.0,0,0,0,0.0,MID,4.5,4.5
305,Josh Brooking,0,0,0,0,0,0.0,0.0,0.0,0,0,0.0,0,0,0,0.0,DEF,4.0,4.0
306,Leo Castledine,0,0,0,0,0,0.0,0.0,0.0,0,0,0.0,0,0,0,0.0,MID,4.5,4.5
307,Cesare Casadei,0,0,11,71,3,27.4,19.8,2.0,0,38,5.1,0,0,0,0.0,MID,4.5,4.5
308,Ishé Samuels-Smith,0,0,0,0,0,0.0,0.0,0.0,0,0,0.0,0,0,0,0.0,DEF,4.0,4.0
309,Ollie Harrison,0,0,0,0,0,0.0,0.0,0.0,0,0,0.0,0,0,0,0.0,MID,4.5,4.5
310,Jimi Tauriainen,0,0,1,1,0,0.0,0.0,0.0,0,3,0.0,0,0,0,0.0,MID,4.5,4.5
311,Josh Acheampong,0,0,1,5,0,0.0,15.0,0.0,0,4,1.5,0,0,0,0.0,DEF,4.0,4.0
312,Teddy Sharman-Lowe,0,0,0,0,0,0.0,0.0,0.0,0,0,0.0,0,0,0,0.0,GK,4.0,4.0
313,Tyrique George,0,0,0,0,0,0.0,0.0,0.0,0,0,0.0,0,0,0,0.0,FWD,4.5,4.5
314,Kiano Dyer,0,0,0,0,0,0.0,0.0,0.0,0,0,0.0,0,0,0,0.0,MID,4.5,4.5
315,Ted Curd,0,0,0,0,0,0.0,0.0,0.0,0,0,0.0,0,0,0,0.0,GK,4.0,4.0
316,Zak Sturge,0,0,0,0,0,0.0,0.0,0.0,0,0,0.0,0,0,0,0.0,DEF,4.0,4.0
317,Rob Holding,0,0,0,0,0,0.0,0.0,0.0,0,0,0.0,0,0,0,0.1,DEF,4.5,4.3
318,Naouirou Ahamada,0,0,16,332,14,25.2,41.2,61.0,0,52,12.9,0,1,2,0.4,MID,4.5,4.3
319,Joachim Andersen,2,3,121,3416,58,301.1,873.6,253.0,12,679,143.1,10,0,7,14.1,DEF,4.5,4.7
320,Jordan Ayew,4,7,109,2540,39,445.2,517.6,550.0,3,325,151.1,11,1,7,0.3,MID,5.5,5.3
321,Nathaniel Clyne,0,1,52,1335,16,67.8,179.6,21.0,0,259,27.0,5,0,0,0.2,DEF,4.5,4.3
322,Cheick Doucouré,0,0,21,920,12,138.5,165.8,36.0,0,141,34.2,3,0,2,0.0,MID,5.0,4.8
323,Malcolm Ebiowei,0,0,0,0,0,0.0,0.0,0.0,0,0,0.0,0,0,0,0.0,MID,4.5,4.4
324,Odsonne Edouard,7,0,79,1545,24,256.7,359.6,663.0,9,246,128.0,6,0,4,1.3,FWD,5.5,5.3
325,Eberechi Eze,11,5,136,2054,28,810.0,740.4,735.0,11,490,228.7,8,0,3,5.4,MID,6.5,6.0
326,Vicente Guaita,0,0,0,0,0,0.0,0.0,0.0,0,0,0.0,0,0,0,0.2,GK,4.5,4.4
327,Marc Guéhi,0,1,66,2020,32,106.6,417.8,35.0,6,397,56.1,6,0,2,1.3,DEF,4.5,4.2
328,Will Hughes,0,2,61,1886,38,338.6,319.2,67.0,2,252,72.3,8,0,6,0.0,MID,5.0,4.9
329,Sam Johnstone,0,0,68,1796,27,0.0,321.4,0.0,7,310,32.2,6,0,1,1.3,GK,4.5,4.3
330,Jefferson Lerma Solís,1,1,64,2399,46,366.1,417.6,240.0,4,338,102.4,5,0,8,0.1,MID,5.0,4.7
331,Jean-Philippe Mateta,16,7,165,2274,44,404.0,775.0,741.0,22,563,191.9,8,0,3,7.3,FWD,5.0,5.1
332,Remi Matthews,0,0,1,3,1,0.0,1.0,0.0,0,3,0.1,0,0,0,0.1,GK,4.0,3.9
333,Tyrick Mitchell,2,3,119,3204,55,393.7,669.8,209.0,10,590,127.4,10,0,6,4.7,DEF,4.5,4.5
334,Jake O'Brien,0,0,0,0,0,0.0,0.0,0.0,0,0,0.0,0,0,0,0.0,DEF,4.0,4.0
335,Michael Olise,10,6,125,1272,19,568.7,627.6,556.0,21,438,175.4,3,0,0,5.3,MID,6.0,5.7
336,Luke Plange,0,0,0,0,0,0.0,0.0,0.0,0,0,0.0,0,0,0,0.0,FWD,4.5,4.5
337,Chris Richards,1,1,62,2091,38,87.5,456.2,108.0,4,370,65.2,4,0,3,1.5,DEF,4.0,3.9
338,Jairo Riedewald,0,0,12,228,3,9.3,24.6,14.0,0,35,4.8,1,0,0,0.1,MID,4.5,4.3
339,Jeffrey Schlupp,2,2,66,1340,25,234.2,279.8,229.0,4,201,74.1,4,0,1,0.1,MID,5.0,4.8
340,James Tomkins,0,0,3,8,2,0.3,3.0,0.0,0,12,0.3,0,0,0,0.4,DEF,4.0,3.9
341,Joel Ward,0,1,54,1978,34,79.0,348.2,41.0,0,304,46.8,5,0,4,0.2,DEF,4.5,4.5
342,Joe Whitworth,0,0,0,0,0,0.0,0.0,0.0,0,0,0.0,0,0,0,0.9,GK,4.0,3.9
343,Dean Henderson,0,0,48,1620,30,0.0,434.8,0.0,2,293,43.7,4,0,2,1.7,GK,4.5,4.4
344,Matheus França de Oliveira,0,2,16,224,7,77.7,36.4,53.0,0,47,16.5,0,0,1,0.0,MID,5.0,4.8
345,Jesurun Rak-Sakyi,0,0,8,132,3,28.2,23.2,58.0,0,21,11.0,1,0,0,0.0,MID,4.5,4.5
346,John-Kymani Gordon,0,0,0,0,0,0.0,0.0,0.0,0,0,0.0,0,0,0,0.0,FWD,4.5,4.5
347,Ademola Ola-Adebomi,0,0,0,0,0,0.0,0.0,0.0,0,0,0.0,0,0,0,0.0,FWD,4.5,4.5
348,David Ozoh,0,0,8,148,5,4.0,25.2,0.0,0,27,2.9,0,0,1,0.0,MID,4.5,4.5
349,Jadan Raymond,0,0,0,0,0,0.0,0.0,0.0,0,0,0.0,0,0,0,0.0,MID,4.5,4.5
350,Tayo Adaramola,0,0,0,0,0,0.0,0.0,0.0,0,0,0.0,0,0,0,0.0,DEF,4.0,4.0
351,Daniel Muñoz,0,4,56,1440,22,265.6,331.0,119.0,3,270,71.7,5,0,4,0.6,DEF,4.5,4.5
352,Adam Wharton,0,3,50,1296,16,287.9,255.0,29.0,4,222,57.3,7,0,2,0.0,MID,5.0,5.0
353,Franco Umeh-Chibueze,0,0,0,0,0,0.0,0.0,0.0,0,0,0.0,0,0,0,0.0,FWD,4.5,4.5
354,Kaden Rodney,0,0,0,0,0,0.0,0.0,0.0,0,0,0.0,0,0,0,0.0,MID,4.5,4.5
355,Roshaun Mathurin,0,0,0,0,0,0.0,0.0,0.0,0,0,0.0,0,0,0,0.0,MID,4.5,4.4
356,André Tavares Gomes,1,0,20,505,7,88.3,72.8,81.0,0,64,24.1,3,0,4,0.1,MID,4.5,4.4
357,Jarrad Branthwaite,3,1,124,3116,44,67.2,789.4,185.0,10,621,104.3,12,0,8,10.8,DEF,4.0,4.5
358,Dominic Calvert-Lewin,7,3,101,2166,27,255.6,403.0,901.0,9,259,154.8,13,0,2,1.0,FWD,6.0,5.8
359,Seamus Coleman,0,0,30,661,10,49.9,108.6,6.0,3,141,16.5,4,0,0,0.1,DEF,4.5,4.4
360,Dele Alli,0,0,0,0,0,0.0,0.0,0.0,0,0,0.0,0,0,0,0.0,MID,5.0,4.8
361,Abdoulaye Doucouré,7,3,116,2632,36,456.5,462.4,687.0,7,335,161.0,12,0,7,0.5,MID,5.5,5.5
362,James Garner,1,2,87,3001,47,663.1,526.6,244.0,3,421,143.5,11,0,7,0.1,MID,5.0,4.9
363,Jean-Philippe Gbamin,0,0,0,0,0,0.0,0.0,0.0,0,0,0.0,0,0,0,0.0,MID,4.5,4.4
364,Ben Godfrey,0,0,37,1120,13,64.9,221.4,156.0,0,166,44.3,4,0,2,0.2,DEF,4.5,4.3
365,Demarai Gray,0,0,0,0,0,0.0,0.0,0.0,0,0,0.0,0,0,0,0.1,MID,5.5,5.3
366,Idrissa Gueye,4,0,73,1885,25,237.1,406.8,154.0,10,337,79.7,7,0,8,0.1,MID,5.0,4.8
367,Michael Keane,1,0,18,437,13,4.6,108.2,92.0,2,72,20.5,1,0,2,0.2,DEF,4.5,4.2
368,Dwight McNeil,3,8,124,2891,39,1110.8,615.4,400.0,8,515,212.7,12,0,2,0.3,MID,5.5,5.4
369,Vitalii Mykolenko,2,1,101,2469,37,239.8,517.4,211.0,9,452,96.8,9,0,1,2.6,DEF,4.5,4.5
370,Amadou Onana,2,0,66,2085,38,282.7,354.0,254.0,5,304,89.5,5,0,5,0.2,MID,5.0,4.7
371,Nathan Patterson,0,2,34,1000,21,138.2,207.2,26.0,3,187,37.3,2,0,4,0.1,DEF,4.5,4.3
372,Jordan Pickford,0,0,153,3420,51,43.4,969.2,0.0,22,734,101.3,13,0,5,16.3,GK,4.5,4.8
373,Ellis Simms,0,0,0,0,0,0.0,0.0,0.0,0,0,0.0,0,0,0,0.0,FWD,4.5,4.5
374,James Tarkowski,1,1,117,3420,51,269.6,915.4,320.0,10,649,150.9,13,0,11,5.4,DEF,4.5,4.6
375,João Neves Virgínia,0,0,0,0,0,0.0,0.0,0.0,0,0,0.0,0,0,0,0.4,GK,4.0,3.9
376,Andy Lonergan,0,0,0,0,0,0.0,0.0,0.0,0,0,0.0,0,0,0,0.1,GK,4.0,3.9
377,Ashley Young,0,1,76,2277,34,365.2,284.8,87.0,3,375,74.0,9,1,5,0.4,DEF,4.5,4.4
378,Arnaut Danjuma Groeneveld,1,0,26,587,10,79.3,73.6,271.0,0,53,42.4,2,0,0,0.1,MID,5.5,5.2
379,Lewis Dobbin,1,0,18,226,3,50.5,68.4,59.0,0,54,17.7,1,0,1,0.0,MID,4.5,4.5
380,Youssef Ramalho Chermiti,0,0,16,196,4,51.2,19.2,84.0,0,28,14.9,1,0,3,0.1,FWD,5.0,4.8
381,Thomas Cannon,0,0,1,1,0,0.0,0.0,0.0,0,3,0.0,0,0,0,0.0,FWD,4.5,4.5
382,Tyler Onyango,0,0,1,1,0,0.0,0.0,0.0,0,3,0.0,0,0,0,0.0,MID,4.5,4.4
383,Jack Harrison,3,3,92,2212,26,405.7,397.4,339.0,5,292,114.3,11,0,1,0.1,MID,5.5,5.5
384,Norberto Bercique Gomes Betuncal,3,0,50,943,20,139.6,158.8,425.0,3,105,71.3,2,0,2,0.1,FWD,6.0,5.7
385,Mackenzie Hunt,0,0,0,0,0,0.0,0.0,0.0,0,0,0.0,0,0,0,0.0,MID,4.5,4.5
386,Jenson Metcalfe,0,0,0,0,0,0.0,0.0,0.0,0,0,0.0,0,0,0,0.0,MID,4.5,4.5
387,Elijah Campbell,0,0,0,0,0,0.0,0.0,0.0,0,0,0.0,0,0,0,0.0,DEF,4.0,4.0
388,Lewis Warrington,0,0,1,1,0,0.0,0.0,0.0,0,3,0.0,0,0,0,0.0,MID,4.5,4.5
389,Billy Crellin,0,0,0,0,0,0.0,0.0,0.0,0,0,0.0,0,0,0,0.0,GK,4.0,4.0
390,Armando Broja,1,2,35,529,9,70.3,75.6,152.0,0,72,29.0,3,0,0,0.2,FWD,5.0,4.9
391,Alex Iwobi,5,2,102,2331,41,718.8,504.2,534.0,9,425,175.9,7,0,2,0.4,MID,5.5,5.3
392,Andreas Hoelgebaum Pereira,3,9,127,2611,40,1254.3,503.6,417.0,7,459,217.8,14,0,6,0.9,MID,5.5,5.3
393,Tom Cairney,1,6,70,1472,27,407.2,335.2,170.0,2,346,90.9,4,0,3,0.0,MID,5.0,4.9
394,Ivan Neves Abreu Cavaleiro,0,0,0,0,0,0.0,0.0,0.0,0,0,0.0,0,0,0,0.0,MID,5.0,5.0
395,Bobby De Cordova-Reid,6,3,92,1410,29,255.3,330.6,325.0,7,290,90.0,3,0,4,0.1,MID,5.5,5.2
396,Issa Diop,0,0,43,1423,26,20.5,348.8,37.0,3,259,40.8,5,1,2,0.4,DEF,4.5,4.4
397,Tyrese Francois,0,0,0,0,0,0.0,0.0,0.0,0,0,0.0,0,0,0,0.0,MID,4.5,4.4
398,Anthony Knockaert,0,0,0,0,0,0.0,0.0,0.0,0,0,0.0,0,0,0,0.0,MID,4.5,4.4
399,Terence Kongolo,0,0,0,0,0,0.0,0.0,0.0,0,0,0.0,0,0,0,0.1,DEF,4.0,4.0
400,Bernd Leno,0,0,133,3420,61,0.1,1069.8,0.0,15,782,106.7,10,0,3,14.6,GK,4.5,4.8
401,Saša Lukić,1,0,43,1113,20,155.6,192.4,115.0,0,157,46.2,5,0,3,0.3,MID,4.5,4.3
402,Kevin Mbabu,0,0,0,0,0,0.0,0.0,0.0,0,0,0.0,0,0,0,0.2,DEF,4.0,4.0
403,Aleksandar Mitrović,0,0,1,32,0,0.3,6.4,26.0,0,6,3.3,0,0,0,0.6,FWD,7.5,7.4
404,Rodrigo Muniz Carvalho,9,2,97,1589,27,213.1,409.0,875.0,12,299,148.2,6,0,1,4.4,FWD,4.5,4.3
405,João Palhinha Gonçalves,4,1,91,2698,46,219.0,659.2,365.0,8,387,124.5,9,0,13,0.3,MID,5.0,5.0
406,Tim Ream,1,0,40,1503,31,18.2,339.8,45.0,4,267,40.4,3,1,2,0.6,DEF,4.5,4.4
407,Harrison Reed,0,2,47,1317,23,212.6,213.8,45.0,0,205,47.2,6,0,6,0.3,MID,5.0,4.3
408,Antonee Robinson,0,6,104,3266,60,536.7,805.8,241.0,8,662,158.6,9,0,6,4.0,DEF,4.5,4.5
409,Marek Rodák,0,0,-1,0,0,0.0,0.0,0.0,0,-3,0.0,0,0,1,0.3,GK,4.0,3.9
410,Kenny Tete,1,0,27,863,21,93.4,195.2,67.0,0,161,35.6,2,0,2,0.3,DEF,4.5,4.4
411,Tosin Adarabioyo,2,0,66,1616,25,39.3,431.8,152.0,2,327,62.4,6,0,2,0.2,DEF,4.5,4.3
412,Carlos Vinícius Alves Morais,2,0,22,306,5,61.3,83.6,139.0,2,77,28.2,0,0,2,0.9,FWD,5.0,4.5
413,Harry Wilson,4,7,94,1603,30,357.3,375.0,340.0,5,307,107.2,5,0,6,0.2,MID,5.5,5.3
414,Raúl Jiménez,7,0,72,1390,29,185.9,335.8,440.0,13,237,95.1,4,1,3,0.6,FWD,5.5,5.0
415,Willian Borges da Silva,4,3,94,2048,28,701.3,416.4,439.0,6,390,155.5,9,0,1,0.4,MID,5.5,5.3
416,Calvin Bassey,1,0,66,2299,42,34.8,462.8,50.0,4,442,55.0,6,1,4,0.4,DEF,4.5,4.4
417,Luc De Fougerolles,0,0,0,0,0,0.0,0.0,0.0,0,0,0.0,0,0,0,0.1,DEF,4.0,3.9
418,Jay Stansfield,0,0,0,0,0,0.0,0.0,0.0,0,0,0.0,0,0,0,0.0,FWD,4.5,4.5
419,Matthew Dibley-Dias,0,0,0,0,0,0.0,0.0,0.0,0,0,0.0,0,0,0,0.0,MID,4.5,4.5
420,Adama Traoré,2,3,36,363,13,108.1,164.2,140.0,1,113,41.3,0,0,2,0.0,MID,5.0,4.9
421,Luke Harris,0,0,2,74,5,0.7,3.2,17.0,0,2,2.1,0,0,0,0.0,MID,4.5,4.5
422,Timothy Castagne,1,3,105,2630,40,295.0,494.4,229.0,7,510,102.1,9,0,3,1.6,DEF,4.5,4.5
423,Steven Benda,0,0,0,0,0,0.0,0.0,0.0,0,0,0.0,0,0,0,0.0,GK,4.0,4.0
424,Fodé Ballo-Touré,0,0,5,65,1,2.2,13.6,2.0,0,18,1.9,0,0,1,0.1,DEF,4.5,4.5
425,Devan Tanton,0,0,0,0,0,0.0,0.0,0.0,0,0,0.0,0,0,0,0.0,DEF,4.0,4.0
426,Kristian Sekularac,0,0,0,0,0,0.0,0.0,0.0,0,0,0.0,0,0,0,0.0,MID,4.5,4.4
427,Joshua King,0,0,0,0,0,0.0,0.0,0.0,0,0,0.0,0,0,0,0.0,MID,4.5,4.5
428,Adrián San Miguel del Castillo,0,0,0,0,0,0.0,0.0,0.0,0,0,0.0,0,0,0,0.2,GK,4.0,3.8
429,Trent Alexander-Arnold,3,5,122,2153,28,1027.5,601.8,237.0,19,590,186.8,8,0,6,10.3,DEF,8.0,8.4
430,Alisson Ramses Becker,0,0,107,2520,30,10.4,671.2,0.0,9,575,68.1,8,0,1,9.7,GK,5.5,5.7
431,Stefan Bajcetic,0,0,1,25,2,0.3,7.8,0.0,0,3,0.8,0,0,0,0.0,MID,5.0,4.7
432,Darwin Núñez Ribeiro,11,11,132,2033,25,439.1,660.8,1223.0,9,397,232.4,6,0,9,11.7,FWD,7.5,7.5
433,Diogo Teixeira da Silva,10,7,110,1141,11,290.2,483.8,639.0,7,328,141.4,5,1,1,1.7,MID,8.0,7.9
434,Harvey Elliott,3,9,96,1330,13,570.0,417.2,391.0,8,402,137.5,4,0,2,0.4,MID,5.0,4.8
435,Fabio Henrique Tavares,0,0,0,0,0,0.0,0.0,0.0,0,0,0.0,0,0,0,0.0,MID,5.0,5.0
436,Cody Gakpo,8,5,106,1633,20,348.2,521.4,708.0,12,409,157.1,5,0,1,3.1,FWD,7.5,7.1
437,Joe Gomez,0,2,76,1772,19,338.3,316.0,119.0,2,390,77.7,7,0,5,1.3,DEF,4.5,4.5
438,Jordan Henderson,0,0,0,0,0,0.0,0.0,0.0,0,0,0.0,0,0,0,0.0,MID,5.0,5.0
439,Curtis Jones,1,1,40,1156,19,203.2,174.0,195.0,2,171,57.0,2,1,3,0.1,MID,5.0,4.9
440,Caoimhin Kelleher,0,0,34,900,11,10.0,261.2,0.0,3,198,27.0,2,0,0,3.9,GK,4.0,3.6
441,Ibrahima Konaté,0,0,56,1570,19,139.9,357.4,87.0,2,315,58.5,6,1,3,2.0,DEF,5.0,4.9
442,Luis Díaz,8,7,142,2625,33,844.0,613.0,1190.0,9,413,264.6,7,0,3,10.0,MID,7.5,7.6
443,Alexis Mac Allister,5,5,109,2600,34,726.7,712.4,224.0,12,512,166.2,6,1,7,3.9,MID,6.0,5.9
444,Joel Matip,0,0,21,779,9,33.3,192.8,35.0,0,145,26.1,2,0,2,0.3,DEF,5.0,4.8
445,Nathaniel Phillips,0,0,0,0,0,0.0,0.0,0.0,0,0,0.0,0,0,0,0.1,DEF,4.0,4.0
446,Andrew Robertson,3,2,76,1689,22,936.1,552.2,230.0,8,463,171.9,3,0,2,4.2,DEF,6.5,6.5
447,Mohamed Salah,18,12,211,2531,30,892.2,1033.8,1531.0,24,621,346.0,8,0,2,24.0,MID,12.5,13.4
448,Dominik Szoboszlai,3,4,99,2102,23,830.0,423.4,377.0,7,437,162.8,8,0,1,3.3,MID,7.0,7.1
449,Thiago Alcántara do Nascimento,0,0,1,5,1,0.4,0.6,0.0,0,3,0.1,0,0,0,0.1,MID,5.0,4.7
450,Konstantinos Tsimikas,0,3,48,675,7,267.5,158.8,35.0,4,201,46.2,4,0,0,1.1,DEF,4.5,4.3
451,Sepp van den Berg,0,0,0,0,0,0.0,0.0,0.0,0,0,0.0,0,0,0,0.0,DEF,4.0,4.0
452,Virgil van Dijk,2,2,117,3177,40,176.3,911.2,449.0,8,662,153.8,9,1,3,17.7,DEF,6.0,6.6
453,Jarell Quansah,2,0,49,1188,15,58.8,331.6,104.0,5,263,49.4,2,0,1,0.5,DEF,4.0,4.0
454,Bobby Clark,0,0,5,86,0,5.3,11.6,19.0,0,7,3.6,0,0,0,0.0,MID,4.5,4.4
455,Ben Doak,0,0,1,13,0,0.8,0.2,0.0,0,3,0.1,0,0,0,0.0,MID,4.5,4.3
456,James McConnell,0,0,3,3,0,0.4,1.0,0.0,0,8,0.1,0,0,0,0.0,MID,4.5,4.4
457,Wataru Endo,1,0,47,1714,16,269.5,281.6,53.0,0,250,60.1,6,0,10,0.1,MID,5.5,5.4
458,Ryan Gravenberch,1,0,45,1110,17,229.4,187.0,198.0,3,176,61.5,3,0,0,0.1,MID,5.0,5.0
459,Luke Chambers,0,0,0,0,0,0.0,0.0,0.0,0,0,0.0,0,0,0,0.0,DEF,4.0,4.0
460,Callum Scanlon,0,0,0,0,0,0.0,0.0,0.0,0,0,0.0,0,0,0,0.0,DEF,4.0,3.9
461,Treymaurice Nyoni,0,0,0,0,0,0.0,0.0,0.0,0,0,0.0,0,0,0,0.0,MID,4.5,4.5
462,Marcelo de Araújo Pitaluga Filho,0,0,0,0,0,0.0,0.0,0.0,0,0,0.0,0,0,0,0.0,GK,4.0,4.0
463,Conor Bradley,1,3,50,752,7,215.8,230.4,160.0,7,211,60.6,3,0,2,2.1,DEF,4.0,4.1
464,Owen Beck,0,0,1,7,0,0.3,5.0,0.0,0,2,0.5,0,0,0,0.0,DEF,4.5,4.5
465,Kaide Gordon,0,0,1,1,0,0.3,0.2,2.0,0,3,0.3,0,0,0,0.0,MID,4.5,4.5
466,Lewis Koumas,0,0,0,0,0,0.0,0.0,0.0,0,0,0.0,0,0,0,0.0,FWD,4.5,4.5
467,Fabian Mrozek,0,0,0,0,0,0.0,0.0,0.0,0,0,0.0,0,0,0,0.0,GK,4.0,4.0
468,Jayden Danns,0,0,1,7,0,3.7,0.0,0.0,0,1,0.2,0,0,1,0.0,FWD,4.5,4.3
469,Amara Nallo,0,0,0,0,0,0.0,0.0,0.0,0,0,0.0,0,0,0,0.0,DEF,4.0,4.0
470,Albert Sambi Lokonga,1,3,47,1304,31,154.9,289.8,56.0,4,231,49.9,2,0,4,0.0,MID,5.0,4.9
471,Marvelous Nakamba,0,0,21,1131,24,102.8,146.4,14.0,0,131,26.5,0,0,5,0.4,MID,4.5,4.3
472,Elijah Adebayo,10,1,94,1405,36,177.0,413.6,527.0,9,288,111.8,2,0,1,1.0,FWD,5.0,4.8
473,Mads Juel Andersen,1,0,15,397,6,1.8,126.8,27.0,1,75,15.6,0,0,1,0.5,DEF,4.0,3.8
474,Amari'i Bell,0,0,35,1720,41,119.6,358.2,50.0,3,263,52.7,2,0,0,2.2,DEF,4.0,3.8
475,Luke Berry,2,1,31,309,8,29.7,112.6,117.0,0,94,25.6,0,0,1,0.0,MID,5.0,4.6
476,Reece Burke,0,4,40,1659,37,172.4,406.4,131.0,2,260,70.9,1,0,5,0.2,DEF,4.0,4.0
477,Allan Campbell,0,0,0,0,0,0.0,0.0,0.0,0,0,0.0,0,0,0,0.0,MID,5.0,4.9
478,Jordan Clark,1,1,44,1297,41,187.5,198.8,177.0,3,156,56.5,1,0,4,0.0,MID,5.0,4.8
479,Alfie Doughty,2,10,101,2923,74,1126.0,690.4,318.0,11,577,213.3,2,0,5,6.2,DEF,4.5,4.3
480,Luke Freeman,0,0,0,0,0,0.0,0.0,0.0,0,0,0.0,0,0,0,0.0,MID,5.0,4.9
481,Matt Macey,0,0,0,0,0,0.0,0.0,0.0,0,0,0.0,0,0,0,0.2,GK,4.0,4.0
482,John McAtee,0,0,0,0,0,0.0,0.0,0.0,0,0,0.0,0,0,0,0.4,FWD,4.5,4.5
483,Carlos Mendes Gomes,0,0,0,0,0,0.0,0.0,0.0,0,0,0.0,0,0,0,0.0,MID,4.5,4.5
484,Carlton Morris,11,6,146,2859,72,305.6,620.2,908.0,18,451,183.4,3,0,4,4.3,FWD,5.5,4.7
485,Admiral Muskwe,0,0,0,0,0,0.0,0.0,0.0,0,0,0.0,0,0,0,0.1,FWD,4.5,4.5
486,Chiedozie Ogbene,4,4,84,1987,47,378.3,412.6,486.0,7,387,127.7,2,0,1,0.1,FWD,5.0,4.8
487,Fred Onyedinma,0,0,11,403,14,32.8,36.2,71.0,0,19,14.1,0,0,1,0.0,MID,5.0,5.0
488,Gabriel Osho,2,0,41,1846,47,37.9,448.6,103.0,1,286,59.0,2,0,3,0.1,DEF,4.5,4.4
489,Aribim Pepple,0,0,0,0,0,0.0,0.0,0.0,0,0,0.0,0,0,0,0.0,FWD,4.5,4.5
490,Dion Pereira,0,0,0,0,0,0.0,0.0,0.0,0,0,0.0,0,0,0,0.0,MID,4.5,4.4
491,Dan Potts,0,0,0,0,0,0.0,0.0,0.0,0,0,0.0,0,0,0,0.1,DEF,4.0,3.9
492,Glen Rea,0,0,0,0,0,0.0,0.0,0.0,0,0,0.0,0,0,0,0.0,MID,4.5,4.4
493,James Shea,0,0,1,14,0,0.0,11.0,0.0,0,8,1.1,0,0,0,0.1,GK,4.5,4.2
494,Joe Taylor,0,0,0,0,0,0.0,0.0,0.0,0,0,0.0,0,0,0,0.1,FWD,4.5,4.5
495,Elliot Thorpe,0,0,0,0,0,0.0,0.0,0.0,0,0,0.0,0,0,0,0.0,MID,4.5,4.5
496,Jack Walton,0,0,0,0,0,0.0,0.0,0.0,0,0,0.0,0,0,0,0.0,GK,4.0,4.0
497,Louie Watson,0,0,0,0,0,0.0,0.0,0.0,0,0,0.0,0,0,0,0.1,MID,4.5,4.4
498,Cauley Woodrow,1,1,33,406,11,127.1,127.0,103.0,3,118,35.8,0,0,2,0.6,FWD,4.5,4.3
499,Teden Mengi,1,0,42,2467,59,83.0,579.6,95.0,1,345,76.0,1,0,3,1.5,DEF,4.0,3.9
500,Ryan Giles,0,0,11,498,14,108.7,83.2,38.0,0,81,23.1,0,0,0,0.1,DEF,4.5,4.2
501,Tom Lockyer,1,1,23,1169,23,39.2,286.2,80.0,1,162,40.6,0,0,4,0.1,DEF,4.5,4.2
502,Pelly Ruddock Mpanzu,0,0,35,1085,29,102.3,108.8,70.0,0,107,28.0,1,0,1,0.0,MID,5.0,4.6
503,Tahith Chong,4,2,78,1972,51,206.3,303.6,310.0,3,222,81.6,0,0,4,0.2,MID,5.0,4.4
504,Issa Kaboré,0,3,34,1727,39,253.0,326.6,62.0,3,236,64.0,0,0,7,1.9,DEF,4.0,4.0
505,Thomas Kaminski,0,0,86,3405,85,10.0,1116.6,0.0,3,642,112.2,2,0,3,0.7,GK,4.5,4.5
506,Ross Barkley,5,5,101,2616,66,622.8,687.4,379.0,4,498,168.7,2,0,6,0.9,MID,5.0,4.5
507,Jacob Brown,2,1,39,1013,26,116.4,162.6,249.0,3,115,52.0,1,0,4,0.1,FWD,5.0,4.9
508,Aidan Francis-Clarke,0,0,0,0,0,0.0,0.0,0.0,0,0,0.0,0,0,0,0.0,DEF,4.0,4.0
509,Tim Krul,0,0,0,0,0,0.0,0.0,0.0,0,0,0.0,0,0,0,0.1,GK,4.5,4.4
510,Joseph Johnson,0,0,0,75,5,0.9,1.0,0.0,0,5,0.2,0,0,1,0.0,DEF,4.0,4.0
511,Andros Townsend,1,4,61,1197,27,293.6,221.4,148.0,3,208,65.9,3,0,1,0.1,MID,5.0,5.0
512,Jayden Luker,0,0,0,0,0,0.0,0.0,0.0,0,0,0.0,0,0,0,0.0,MID,4.5,4.5
513,Zack Nelson,0,0,2,4,1,0.1,2.0,0.0,0,6,0.2,0,0,0,0.0,MID,4.5,4.5
514,Daiki Hashioka,0,0,4,592,21,51.9,101.4,8.0,0,72,16.2,0,0,0,0.0,DEF,4.0,4.0
515,Axel Piesold,0,0,0,0,0,0.0,0.0,0.0,0,0,0.0,0,0,0,0.0,MID,4.5,4.5
516,Dominic Dos Santos Martins,0,0,0,0,0,0.0,0.0,0.0,0,0,0.0,0,0,0,0.0,MID,4.5,4.5
517,Christian Chigozie,0,0,0,0,0,0.0,0.0,0.0,0,0,0.0,0,0,0,0.0,DEF,4.0,4.0
518,Taylan Harris,0,0,0,0,0,0.0,0.0,0.0,0,0,0.0,0,0,0,0.0,FWD,4.5,4.5
519,Manuel Akanji,2,0,112,2512,23,298.7,536.4,137.0,8,560,97.4,11,1,2,5.6,DEF,5.0,5.0
520,Nathan Aké,2,3,99,2039,20,197.7,447.2,249.0,6,483,89.7,6,0,0,5.2,DEF,5.0,5.0
521,Julián Álvarez,11,11,158,2644,24,1005.2,737.0,992.0,17,662,273.3,12,0,2,15.4,FWD,6.5,6.4
522,Bernardo Veiga de Carvalho e Silva,6,9,141,2576,26,959.5,747.4,570.0,20,604,228.0,10,0,8,2.9,MID,6.5,6.2
523,Oscar Bobb,1,2,30,294,5,147.1,105.4,107.0,2,112,36.0,1,0,0,0.1,MID,4.5,4.4
524,João Cancelo,0,0,0,0,0,0.0,0.0,0.0,0,0,0.0,0,0,0,1.0,DEF,6.0,5.8
525,Scott Carson,0,0,0,0,0,0.0,0.0,0.0,0,0,0.0,0,0,0,0.1,GK,4.0,3.8
526,Shea Charles,0,0,0,0,0,0.0,0.0,0.0,0,0,0.0,0,0,0,0.0,MID,4.5,4.5
527,Kevin De Bruyne,4,10,98,1219,8,901.1,527.6,406.0,11,415,183.6,7,0,2,16.6,MID,10.5,10.6
528,Rúben Gato Alves Dias,0,0,88,2557,28,208.5,578.4,225.0,3,513,101.5,9,0,0,7.2,DEF,5.5,5.5
529,Ederson Santana de Moraes,0,0,112,2785,27,10.0,551.8,0.0,5,569,56.0,11,0,5,13.1,GK,5.5,5.5
530,Phil Foden,19,8,230,2860,27,1157.8,1154.8,1172.0,31,866,348.8,14,0,2,43.3,MID,7.5,8.5
531,Jack Grealish,3,1,50,998,13,384.1,240.4,295.0,6,199,91.9,3,0,6,1.5,MID,7.5,7.2
532,Erling Haaland,27,8,217,2553,25,367.2,1094.6,1581.0,29,792,303.3,11,0,1,73.6,FWD,14.0,14.3
533,Mateo Kovačić,1,0,59,1539,14,365.9,265.0,129.0,2,316,76.0,9,0,4,0.3,MID,5.0,4.6
534,Aymeric Laporte,0,0,1,11,0,0.1,11.4,17.0,0,4,2.9,0,0,0,0.1,DEF,5.0,4.9
535,Rico Lewis,2,0,52,804,9,195.9,148.0,114.0,2,215,45.8,4,0,1,0.4,DEF,4.5,4.2
536,Riyad Mahrez,0,0,0,0,0,0.0,0.0,0.0,0,0,0.0,0,0,0,0.0,MID,7.5,7.5
537,Stefan Ortega Moreno,0,0,22,632,7,0.0,171.2,0.0,2,114,17.3,1,0,0,2.3,GK,4.0,3.6
538,Máximo Perrone,0,0,0,0,0,0.0,0.0,0.0,0,0,0.0,0,0,0,0.0,MID,4.5,4.4
539,Rodrigo Hernandez,8,10,159,2931,26,894.8,1043.8,484.0,19,737,242.3,14,1,8,6.1,MID,5.5,5.6
540,Sergio Gómez,0,1,9,48,2,23.0,22.6,10.0,0,24,5.6,0,0,0,1.0,DEF,4.0,3.8
541,Zack Steffen,0,0,0,0,0,0.0,0.0,0.0,0,0,0.0,0,0,0,0.1,GK,4.0,3.9
542,John Stones,1,0,53,1061,9,128.4,188.4,70.0,3,239,38.7,5,0,2,3.1,DEF,5.5,5.3
543,Kyle Walker,0,5,123,2766,29,534.1,465.4,126.0,13,633,112.6,10,0,2,15.1,DEF,5.0,5.5
544,Matheus Luiz Nunes,0,2,32,831,13,221.3,146.0,150.0,1,118,51.8,2,1,0,0.1,MID,5.0,4.7
545,Joško Gvardiol,4,2,123,2327,23,362.2,544.4,389.0,12,549,129.7,9,0,3,18.1,DEF,5.0,5.2
546,Jérémy Doku,3,10,98,1585,19,640.2,524.2,875.0,13,391,203.9,1,0,3,1.9,MID,6.5,6.4
547,Mahamadou Susoho,0,0,0,0,0,0.0,0.0,0.0,0,0,0.0,0,0,0,0.0,MID,4.5,4.5
548,Micah Hamilton,0,0,0,0,0,0.0,0.0,0.0,0,0,0.0,0,0,0,0.0,MID,4.5,4.5
549,Jacob Wright,0,0,0,0,0,0.0,0.0,0.0,0,0,0.0,0,0,0,0.0,MID,4.5,4.5
550,Mason Mount,1,0,23,509,13,107.6,105.8,64.0,0,93,27.9,1,0,2,0.8,MID,7.0,6.8
551,Alex Telles,0,0,0,0,0,0.0,0.0,0.0,0,0,0.0,0,0,0,0.0,DEF,4.5,4.5
552,Amad Diallo,1,1,23,385,6,123.8,117.0,114.0,3,68,35.2,1,0,1,0.1,MID,4.5,4.4
553,Antony Matheus dos Santos,1,1,47,1311,26,327.7,247.8,347.0,0,184,91.8,3,0,5,0.6,MID,7.0,6.8
554,Bruno Borges Fernandes,10,9,166,3118,52,1663.0,1101.6,748.0,24,729,351.3,7,0,9,14.6,MID,8.5,8.5
555,Brandon Williams,0,0,0,0,0,0.0,0.0,0.0,0,0,0.0,0,0,0,0.1,DEF,4.0,4.0
556,Eric Bailly,0,0,0,0,0,0.0,0.0,0.0,0,0,0.0,0,0,0,0.1,DEF,4.0,4.0
557,Carlos Henrique Casimiro,1,3,58,1981,34,247.9,628.4,323.0,0,323,119.9,5,0,7,1.9,MID,5.5,5.3
558,Diogo Dalot Teixeira,2,3,111,3174,55,590.8,738.6,212.0,13,662,154.4,8,1,4,7.4,DEF,5.0,5.2
559,Christian Eriksen,1,2,48,1134,27,400.5,255.4,93.0,4,248,75.0,2,0,1,0.4,MID,6.0,5.8
560,Álvaro Fernández Carreras,0,0,0,0,0,0.0,0.0,0.0,0,0,0.0,0,0,0,0.1,DEF,4.0,4.0
561,Frederico Rodrigues de Paula Santos,0,0,0,0,0,0.0,0.0,0.0,0,0,0.0,0,0,0,0.0,MID,5.0,5.0
562,Alejandro Garnacho,7,7,131,2564,39,616.8,527.2,1103.0,7,372,224.3,8,0,4,9.8,MID,5.0,5.0
563,Hannibal Mejbri,1,0,11,131,1,29.8,48.2,13.0,0,34,9.0,1,0,1,0.1,MID,4.5,4.3
564,Tom Heaton,0,0,0,0,0,0.0,0.0,0.0,0,0,0.0,0,0,0,0.1,GK,4.0,3.9
565,Victor Lindelöf,1,1,62,1328,16,125.9,263.8,105.0,7,291,49.6,5,0,2,0.2,DEF,4.5,4.5
566,Harry Maguire,2,4,73,1650,29,90.9,493.4,192.0,6,351,77.7,4,0,3,1.3,DEF,4.5,4.3
567,Kobbie Mainoo,3,1,77,1927,31,256.7,413.4,134.0,8,327,80.6,7,0,3,0.9,MID,4.5,4.4
568,Tyrell Malacia,0,0,0,0,0,0.0,0.0,0.0,0,0,0.0,0,0,0,0.0,DEF,4.5,4.3
569,Anthony Martial,1,1,25,439,6,85.0,67.2,97.0,2,73,24.5,1,0,0,0.3,FWD,6.5,6.4
570,Lisandro Martínez,0,1,15,643,12,45.7,144.4,4.0,0,134,19.4,1,0,3,2.1,DEF,5.0,4.7
571,Scott McTominay,7,1,98,1891,30,179.5,539.4,492.0,5,307,121.3,7,0,2,0.8,MID,5.0,4.5
572,Facundo Pellistri Rebollo,0,1,13,164,2,19.3,47.0,66.0,0,36,13.3,0,0,0,0.1,MID,4.5,4.2
573,Raphaël Varane,1,0,44,1370,23,35.3,356.2,85.0,2,273,47.7,3,0,2,2.1,DEF,5.0,4.9
574,Marcus Rashford,7,3,108,2264,37,358.6,453.2,672.0,0,330,148.3,7,0,2,9.5,MID,9.0,8.4
575,Jadon Sancho,0,0,3,76,1,14.8,9.8,12.0,0,11,3.6,0,0,0,0.4,MID,7.0,6.7
576,Luke Shaw,0,1,31,960,13,199.3,197.2,29.0,0,195,42.6,4,0,6,2.7,DEF,5.5,5.2
577,Shola Shoretire,0,0,0,0,0,0.0,0.0,0.0,0,0,0.0,0,0,0,0.2,FWD,4.5,4.4
578,Donny van de Beek,0,0,1,2,0,10.3,0.0,6.0,0,3,1.6,0,0,0,0.0,MID,5.0,4.7
579,Aaron Wan-Bissaka,0,2,47,1778,34,196.5,397.8,60.0,5,323,65.5,3,0,4,2.0,DEF,4.5,4.4
580,André Onana,0,0,133,3420,58,33.2,1167.8,0.0,10,741,120.2,9,0,5,15.5,GK,5.0,5.0
581,Rasmus Højlund,10,2,112,2156,35,345.8,480.6,648.0,14,362,147.0,6,0,2,5.6,FWD,7.0,7.1
582,Omari Forson,0,1,7,67,2,23.6,24.2,4.0,0,23,5.2,0,0,0,0.0,MID,4.5,4.4
583,Radek Vítek,0,0,0,0,0,0.0,0.0,0.0,0,0,0.0,0,0,0,0.0,GK,4.0,4.0
584,Daniel Gore,0,0,1,1,0,0.0,3.0,0.0,0,5,0.3,0,0,0,0.0,MID,4.5,4.5
585,Altay Bayindir,0,0,0,0,0,0.0,0.0,0.0,0,0,0.0,0,0,0,0.1,GK,4.0,3.9
586,Jonny Evans,0,1,49,1389,24,81.2,330.8,21.0,3,293,43.6,4,0,2,0.6,DEF,4.0,4.0
587,Sofyan Amrabat,0,0,26,929,15,102.5,159.0,6.0,0,125,27.0,2,0,6,0.1,MID,5.0,5.0
588,Joe Hugill,0,0,0,0,0,0.0,0.0,0.0,0,0,0.0,0,0,0,0.0,FWD,4.5,4.5
589,Willy Kambwala,0,0,5,325,10,2.4,53.8,0.0,0,48,5.5,0,0,1,0.1,DEF,4.0,3.9
590,Rhys Bennett,0,0,0,0,0,0.0,0.0,0.0,0,0,0.0,0,0,0,0.0,DEF,4.0,4.0
591,Toby Collyer,0,0,0,0,0,0.0,0.0,0.0,0,0,0.0,0,0,0,0.0,MID,4.5,4.5
592,Habeeb Ogunneye,0,0,0,0,0,0.0,0.0,0.0,0,0,0.0,0,0,0,0.0,DEF,4.0,4.0
593,Dermot Mee,0,0,0,0,0,0.0,0.0,0.0,0,0,0.0,0,0,0,0.0,GK,4.0,4.0
594,Harry Amass,0,0,0,0,0,0.0,0.0,0.0,0,0,0.0,0,0,0,0.0,DEF,4.0,4.0
595,Ethan Wheatley,0,0,3,13,0,0.0,2.0,0.0,0,6,0.2,0,0,0,0.0,FWD,4.5,4.5
596,Louis Jackson,0,0,0,0,0,0.0,0.0,0.0,0,0,0.0,0,0,0,0.0,DEF,4.0,4.0
597,Lewis Hall,1,0,38,773,12,69.1,194.8,85.0,3,171,34.9,2,0,2,0.6,DEF,4.5,4.2
598,Miguel Almirón Rejala,3,1,77,1930,40,369.7,299.8,434.0,4,277,110.1,5,0,2,2.7,MID,6.5,6.0
599,Elliot Anderson,0,2,42,1018,14,223.7,187.4,201.0,3,144,61.1,5,0,3,1.8,MID,4.5,4.2
600,Harrison Ashby,0,0,0,0,0,0.0,0.0,0.0,0,0,0.0,0,0,0,0.0,DEF,4.0,4.0
601,Sven Botman,2,2,51,1375,29,62.9,386.8,104.0,4,298,55.5,3,0,2,4.3,DEF,4.5,4.5
602,Bruno Guimarães Rodriguez Moura,7,9,153,3264,60,948.7,968.4,489.0,15,691,241.0,10,0,8,3.3,MID,6.0,5.8
603,Dan Burn,2,2,97,2725,45,153.8,656.4,286.0,4,493,109.7,8,0,4,12.7,DEF,4.5,4.7
604,Karl Darlow,0,0,0,0,0,0.0,0.0,0.0,0,0,0.0,0,0,0,0.0,GK,4.0,4.0
605,Martin Dubravka,0,0,75,1984,42,10.0,661.0,0.0,3,426,67.2,4,0,1,8.7,GK,4.0,4.3
606,Ryan Fraser,0,0,0,0,0,0.0,0.0,0.0,0,0,0.0,0,0,0,0.0,MID,5.0,4.9
607,Mark Gillespie,0,0,0,0,0,0.0,0.0,0.0,0,0,0.0,0,0,0,0.1,GK,4.0,3.9
608,Anthony Gordon,11,16,183,2896,48,843.7,822.6,905.0,14,594,256.7,12,1,10,20.6,MID,5.5,6.4
609,Isaac Hayden,0,0,0,0,0,0.0,0.0,0.0,0,0,0.0,0,0,0,0.0,MID,4.5,4.4
610,Jeff Hendrick,0,0,0,0,0,0.0,0.0,0.0,0,0,0.0,0,0,0,0.0,MID,4.5,4.4
611,Alexander Isak,21,4,172,2253,41,362.5,877.4,1054.0,23,645,229.3,7,0,1,41.0,FWD,7.5,8.4
612,Joelinton Cássio Apolinário de Lira,2,1,45,1276,23,314.9,295.2,206.0,3,209,81.6,3,0,6,0.4,MID,6.0,5.8
613,Emil Krafth,0,0,33,909,15,145.4,164.2,28.0,1,187,33.8,3,0,2,0.1,DEF,4.5,4.4
614,Garang Kuol,0,0,0,0,0,0.0,0.0,0.0,0,0,0.0,0,0,0,0.0,MID,4.5,4.5
615,Jamaal Lascelles,1,0,46,1077,15,35.4,233.0,69.0,3,212,33.8,5,0,4,1.9,DEF,4.0,3.7
616,Jamal Lewis,0,0,0,0,0,0.0,0.0,0.0,0,0,0.0,0,0,0,0.0,DEF,4.0,4.0
617,Sean Longstaff,6,3,110,2742,50,357.1,550.0,479.0,3,418,138.8,10,0,7,0.4,MID,5.0,4.8
618,Javier Manquillo Gaitán,0,0,0,0,0,0.0,0.0,0.0,0,0,0.0,0,0,0,0.0,DEF,4.0,4.0
619,Jacob Murphy,3,8,82,1184,21,453.4,377.8,270.0,4,312,110.0,5,0,1,0.2,MID,5.0,4.8
620,Nick Pope,0,0,57,1345,16,0.0,323.0,4.0,1,279,32.7,6,0,1,4.8,GK,5.5,5.3
621,Matt Ritchie,1,0,17,120,5,9.1,70.0,106.0,0,49,18.5,0,0,1,0.2,MID,4.5,4.3
622,Allan Saint-Maximin,0,0,0,0,0,0.0,0.0,0.0,0,0,0.0,0,0,0,0.0,MID,6.0,6.0
623,Fabian Schär,4,3,123,3055,58,166.7,826.6,278.0,12,629,127.4,9,0,5,7.3,DEF,5.0,5.6
624,Matt Targett,0,0,2,77,4,11.9,9.2,0.0,0,15,2.2,0,0,1,0.1,DEF,4.5,4.2
625,Sandro Tonali,1,0,16,437,5,105.0,81.8,50.0,0,86,23.8,1,0,2,1.0,MID,5.5,5.2
626,Kieran Trippier,1,10,111,2235,43,1028.5,719.0,102.0,20,589,185.2,6,0,5,21.2,DEF,6.5,6.6
627,Kell Watts,0,0,0,0,0,0.0,0.0,0.0,0,0,0.0,0,0,0,0.0,DEF,4.0,4.0
628,Joe Willock,1,0,18,415,9,92.5,89.8,106.0,0,60,28.8,1,0,0,0.1,MID,5.5,5.3
629,Callum Wilson,9,1,69,981,15,110.3,366.2,563.0,4,246,103.2,6,0,3,3.0,FWD,8.0,7.8
630,Loris Karius,0,0,1,90,4,0.0,31.8,0.0,0,17,3.2,0,0,0,0.2,GK,4.0,3.9
631,Paul Dummett,0,0,5,18,1,1.1,5.2,4.0,0,10,0.5,0,0,0,0.3,DEF,4.0,3.9
632,Harvey Barnes,5,3,64,788,10,181.5,279.2,334.0,3,205,79.5,2,0,2,1.2,MID,6.5,6.2
633,Tino Livramento,1,0,45,1302,27,193.9,292.0,96.0,4,253,58.4,2,0,1,1.1,DEF,4.5,4.0
634,Alex Murphy,0,0,2,11,0,1.0,2.6,0.0,0,6,0.3,0,0,0,0.4,DEF,4.0,3.9
635,Lewis Miley,1,3,44,1203,29,192.8,237.4,136.0,1,232,56.7,1,0,1,0.1,MID,4.5,4.5
636,Amadou Diallo,0,0,1,1,0,0.0,0.0,0.0,0,3,0.0,0,0,0,0.0,MID,4.5,4.5
637,Ben Parkinson,0,0,1,24,1,0.0,2.0,0.0,0,2,0.2,0,0,0,0.0,FWD,4.5,4.5
638,Michael Ndiweni,0,0,1,1,0,0.0,0.2,0.0,0,3,0.0,0,0,0,0.0,FWD,4.5,4.4
639,Joe White,0,0,3,12,0,1.1,0.8,0.0,0,9,0.1,0,0,1,0.0,MID,4.5,4.5
640,Travis Hernes,0,0,0,0,0,0.0,0.0,0.0,0,0,0.0,0,0,0,0.0,MID,4.5,4.5
641,Nuno Varela Tavares,0,0,11,454,9,48.8,61.8,28.0,0,69,13.8,1,0,2,0.2,DEF,4.0,4.0
642,Matt Turner,0,0,41,1530,28,0.0,379.6,0.0,0,278,37.9,2,0,2,8.6,GK,4.0,3.7
643,Callum Hudson-Odoi,8,2,109,1846,41,514.2,489.0,444.0,14,371,145.0,2,0,0,0.8,MID,5.0,4.7
644,Anthony Elanga,5,9,119,2424,47,441.6,536.4,618.0,5,386,159.2,2,0,1,1.1,MID,5.0,4.9
645,Brandon Aguilera Zamora,0,0,1,4,0,1.6,0.0,0.0,0,0,0.0,0,0,0,0.0,MID,4.5,4.5
646,Harry Arter,0,0,0,0,0,0.0,0.0,0.0,0,0,0.0,0,0,0,0.1,MID,4.5,4.3
647,Serge Aurier,0,2,27,831,15,84.8,187.6,45.0,3,137,31.8,1,0,2,0.6,DEF,4.5,4.5
648,Taiwo Awoniyi,6,3,67,1036,21,134.4,303.2,308.0,5,247,74.2,3,0,2,1.3,FWD,6.5,6.3
649,Giulian Biancone,0,0,0,0,0,0.0,0.0,0.0,0,0,0.0,0,0,0,0.1,DEF,4.0,3.9
650,Willy Boly,2,1,58,1437,26,100.5,480.0,200.0,7,275,78.1,3,1,1,0.5,DEF,4.5,4.5
651,Josh Bowler,0,0,0,0,0,0.0,0.0,0.0,0,0,0.0,0,0,0,0.0,MID,4.5,4.5
652,Steve Cook,0,0,0,0,0,0.0,0.0,0.0,0,0,0.0,0,0,0,0.0,DEF,4.5,4.5
653,Danilo dos Santos de Oliveira,2,2,65,1787,42,277.6,368.0,137.0,4,302,78.1,1,0,4,0.1,MID,5.5,5.3
654,Emmanuel Dennis,0,0,0,0,0,0.0,0.0,0.0,0,0,0.0,0,0,0,0.1,FWD,5.0,4.8
655,Mohamed Dräger,0,0,0,0,0,0.0,0.0,0.0,0,0,0.0,0,0,0,0.0,DEF,4.0,4.0
656,Felipe Augusto de Almeida Monteiro,0,0,7,372,10,23.2,61.2,18.0,0,59,10.3,1,0,4,0.0,DEF,4.5,4.4
657,Remo Freuler,0,0,0,0,0,0.0,0.0,0.0,0,0,0.0,0,0,0,0.0,MID,5.0,4.9
658,Morgan Gibbs-White,5,12,142,3156,59,1155.2,703.2,495.0,13,563,235.6,5,0,9,2.1,MID,6.0,5.7
659,Wayne Hennessey,0,0,0,0,0,0.0,0.0,0.0,0,0,0.0,0,0,0,0.2,GK,4.0,3.9
660,Ethan Horvath,0,0,0,0,0,0.0,0.0,0.0,0,0,0.0,0,0,0,0.1,GK,4.5,4.3
661,Cheikhou Kouyaté,0,0,12,206,6,14.3,36.0,25.0,0,32,7.1,0,0,2,0.0,MID,5.0,4.8
662,Richie Laryea,0,0,0,0,0,0.0,0.0,0.0,0,0,0.0,0,0,0,0.0,DEF,4.5,4.5
663,Orel Mangala,1,0,40,1562,31,108.7,208.0,44.0,0,186,36.0,3,0,6,0.0,MID,5.0,5.0
664,Loïc Mbe Soh,0,0,0,0,0,0.0,0.0,0.0,0,0,0.0,0,0,0,0.0,DEF,4.0,4.0
665,Scott McKenna,0,0,12,416,6,32.4,89.0,17.0,1,64,13.8,1,0,0,0.1,DEF,4.5,4.4
666,Alex Mighten,0,0,0,0,0,0.0,0.0,0.0,0,0,0.0,0,0,0,0.0,MID,4.5,4.4
667,Moussa Niakhaté,1,0,29,1456,36,51.7,316.6,55.0,1,238,42.3,1,1,3,0.1,DEF,4.5,4.5
668,Lewis O'Brien,0,0,0,0,0,0.0,0.0,0.0,0,0,0.0,0,0,0,0.0,MID,5.0,4.9
669,Braian Ojeda Rodríguez,0,0,0,0,0,0.0,0.0,0.0,0,0,0.0,0,0,0,0.0,MID,4.5,4.5
670,Jonathan Panzo,0,0,0,0,0,0.0,0.0,0.0,0,0,0.0,0,0,0,0.1,DEF,4.0,4.0
671,Omar Richards,0,0,0,0,0,0.0,0.0,0.0,0,0,0.0,0,0,0,0.0,DEF,4.5,4.4
672,Gustavo Henrique Furtado Scarpa,0,0,0,0,0,0.0,0.0,0.0,0,0,0.0,0,0,0,0.0,MID,4.5,4.5
673,Jonjo Shelvey,0,0,0,0,0,0.0,0.0,0.0,0,0,0.0,0,0,0,0.0,MID,5.0,4.8
674,Sam Surridge,0,0,0,0,0,0.0,0.0,0.0,0,0,0.0,0,0,0,0.1,FWD,4.5,4.5
675,Harry Toffolo,1,3,52,1452,29,268.4,355.0,171.0,3,263,79.3,2,0,3,0.1,DEF,4.5,4.4
676,Hwang Ui-jo,0,0,0,0,0,0.0,0.0,0.0,0,0,0.0,0,0,0,0.2,FWD,4.5,4.4
677,Neco Williams,0,1,39,1630,33,195.2,393.4,139.0,2,224,72.8,1,0,4,0.2,DEF,4.5,4.3
678,Chris Wood,14,1,131,1801,34,281.1,598.2,795.0,22,456,167.4,2,0,0,1.7,FWD,5.0,4.7
679,Joe Worrall,0,0,13,438,9,22.1,90.0,18.0,3,74,13.0,1,1,0,0.1,DEF,4.5,4.3
680,Ryan Yates,1,1,59,1979,38,133.8,330.4,258.0,1,235,72.1,1,0,6,0.0,MID,5.0,4.8
681,Olu Aina,1,1,45,1690,39,181.7,312.0,49.0,2,289,54.4,2,0,3,0.3,DEF,4.5,4.5
682,George Shelvey,0,0,0,0,0,0.0,0.0,0.0,0,0,0.0,0,0,0,0.0,GK,4.0,3.9
683,Josh Powell,0,0,0,0,0,0.0,0.0,0.0,0,0,0.0,0,0,0,0.2,DEF,4.0,3.9
684,Gonzalo Montiel,0,2,28,796,11,118.3,170.6,32.0,4,152,31.9,1,0,5,0.1,DEF,4.5,4.4
685,Murillo Santiago Costa dos Santos,0,2,58,2790,56,115.0,678.4,164.0,1,451,95.8,3,0,5,0.3,DEF,4.5,4.5
686,Odysseas Vlachodimos,0,0,12,450,12,10.0,101.8,0.0,0,79,11.2,1,0,0,0.1,GK,4.5,4.5
687,Andrew Omobamidele,0,0,11,782,15,25.1,148.6,16.0,0,94,18.9,0,0,2,0.0,DEF,4.5,4.5
688,Nicolás Domínguez,2,2,67,1489,27,176.2,340.4,187.0,6,276,70.6,6,0,4,0.0,MID,5.0,5.0
689,Ibrahim Sangaré,0,0,25,1031,16,112.9,168.8,43.0,0,89,32.5,4,0,6,0.0,MID,5.0,4.9
690,Divock Origi,0,1,25,594,6,107.8,50.4,99.0,0,59,25.0,2,0,1,0.1,FWD,5.0,5.0
691,Jamie McDonnell,0,0,0,0,0,0.0,0.0,0.0,0,0,0.0,0,0,0,0.0,MID,4.5,4.5
692,Detlef Esapa Osong,0,0,0,0,0,0.0,0.0,0.0,0,0,0.0,0,0,0,0.0,FWD,4.5,4.5
693,Joe Gardner,0,0,0,0,0,0.0,0.0,0.0,0,0,0.0,0,0,0,0.0,FWD,4.5,4.5
694,Giovanni Reyna,0,1,13,228,3,102.7,55.0,55.0,0,44,21.4,0,0,0,0.0,MID,5.0,4.6
695,Matz Sels,0,0,34,1440,27,10.0,293.2,0.0,1,206,30.3,1,0,1,0.2,GK,4.5,4.5
696,Rodrigo Duarte Ribeiro,0,0,4,14,0,1.3,1.2,6.0,0,9,0.9,0,0,0,0.0,FWD,4.5,4.5
697,Auston Trusty,0,0,28,2568,81,107.3,517.4,106.0,0,349,73.4,1,0,4,1.8,DEF,4.0,3.9
698,Cameron Archer,4,3,82,1829,50,309.3,266.0,353.0,9,241,92.8,2,0,2,3.4,FWD,4.5,4.2
699,Mason Holgate,0,0,1,711,27,22.7,117.8,19.0,0,69,15.9,0,1,3,0.4,DEF,4.0,4.0
700,James McAtee,3,4,77,1815,65,394.4,333.8,333.0,0,259,106.0,2,0,2,0.4,MID,4.5,4.4
701,Anel Ahmedhodžić,2,0,31,2649,89,96.7,568.4,228.0,4,325,89.6,1,1,9,0.2,DEF,4.5,4.3
702,Jordan Amissah,0,0,0,0,0,0.0,0.0,0.0,0,0,0.0,0,0,0,0.3,GK,4.0,3.9
703,George Baldock,0,2,21,968,21,102.6,173.6,21.0,2,117,29.6,0,0,4,4.0,DEF,4.0,3.8
704,Chris Basham,0,0,8,316,6,27.4,69.2,14.0,0,35,11.1,0,0,1,0.3,DEF,4.0,3.9
705,Jayden Bogle,3,3,63,2787,79,183.5,514.4,339.0,0,354,103.7,3,0,9,0.1,DEF,4.5,4.5
706,Rhian Brewster,0,0,11,338,8,28.3,21.0,85.0,0,14,13.3,0,1,0,0.0,FWD,5.0,4.9
707,Ismaila Coulibaly,0,0,0,0,0,0.0,0.0,0.0,0,0,0.0,0,0,0,0.0,MID,4.5,4.4
708,Adam Davies,0,0,0,0,0,0.0,0.0,0.0,0,0,0.0,0,0,0,0.2,GK,4.0,4.0
709,John Egan,0,0,1,482,17,1.4,91.2,38.0,0,54,13.1,0,0,2,0.1,DEF,4.5,4.2
710,John Fleck,0,0,3,89,5,26.0,5.4,2.0,0,13,3.3,0,0,1,0.0,MID,5.0,4.9
711,Wes Foderingham,0,0,70,2648,79,10.0,966.0,0.0,7,531,97.7,1,0,2,0.3,GK,4.5,4.4
712,Daniel Jebbison,0,0,1,20,0,0.1,0.0,4.0,0,3,0.4,0,0,0,0.0,FWD,5.0,4.8
713,Max Lowe,0,1,13,498,12,31.9,102.2,18.0,0,47,15.2,0,0,1,0.0,DEF,4.5,4.3
714,Oliver McBurnie,6,3,66,1279,43,195.9,377.4,501.0,9,225,107.5,1,2,3,0.1,FWD,5.5,5.4
715,Iliman Ndiaye,0,0,0,0,0,0.0,0.0,0.0,0,0,0.0,0,0,0,0.0,FWD,5.5,5.5
716,Rhys Norrington-Davies,0,0,2,109,6,11.7,8.2,2.0,0,12,2.0,0,0,1,0.1,DEF,4.0,3.9
717,Oliver Norwood,1,0,42,1429,47,275.3,311.2,82.0,3,232,66.8,0,0,8,0.0,MID,5.0,4.8
718,Ben Osborn,0,2,38,1359,40,212.2,191.4,26.0,0,182,42.8,0,0,3,0.0,MID,5.0,4.8
719,William Osula,0,1,25,778,23,24.9,27.0,200.0,0,27,24.4,0,0,4,0.8,FWD,4.5,4.2
720,Jack Robinson,1,1,33,2883,83,162.1,602.8,190.0,1,375,95.7,1,0,10,0.1,DEF,4.5,4.3
721,Anis Slimane,0,0,14,409,14,46.7,41.6,72.0,0,23,16.1,1,0,2,0.0,MID,5.0,4.7
722,Yasser Larouci,0,0,10,527,11,27.8,80.8,39.0,0,63,14.8,0,0,1,0.0,DEF,4.5,4.3
723,Bénie Traoré,0,0,11,383,13,56.7,25.8,31.0,0,14,11.2,0,0,0,0.0,FWD,5.5,5.1
724,Vini de Souza Costa,1,1,73,2664,80,101.8,558.4,152.0,4,357,81.1,1,0,3,0.0,MID,5.0,5.0
725,Femi Seriki,0,0,0,0,0,0.0,0.0,0.0,0,0,0.0,0,0,0,0.1,DEF,4.0,3.9
726,Louie Marsh,0,0,0,0,0,0.0,0.0,0.0,0,0,0.0,0,0,0,0.0,FWD,4.5,4.5
727,Andre Brooks,0,0,26,932,29,51.9,88.6,76.0,0,82,21.8,1,0,1,0.0,MID,4.5,4.4
728,Antwoine Hackford,0,0,2,11,1,0.3,0.0,0.0,0,5,0.0,0,0,0,0.1,FWD,4.5,4.4
729,Gustavo Hamer,4,7,108,2908,83,929.8,581.2,294.0,5,462,180.4,2,0,9,0.2,MID,5.0,4.9
730,Tom Davies,0,0,7,214,11,18.1,26.4,48.0,0,11,9.4,0,0,2,0.0,MID,5.0,5.0
731,Luke Thomas,0,0,7,916,29,53.9,127.8,64.0,0,80,24.7,0,0,3,0.0,DEF,4.0,4.0
732,Ryan Oné,0,0,1,7,2,0.3,0.0,0.0,0,3,0.0,0,0,0,0.0,MID,4.5,4.4
733,Jili Buyabu,0,0,0,0,0,0.0,0.0,0.0,0,0,0.0,0,0,0,0.0,DEF,4.0,4.0
734,Sydie Peck,0,0,1,9,0,0.1,0.0,0.0,0,3,0.0,0,0,0,0.0,MID,4.5,4.4
735,Ben Brereton,6,1,62,1105,37,124.0,312.2,422.0,5,173,85.3,0,0,3,0.2,MID,5.0,5.0
736,Ivo Grbic,0,0,15,771,25,0.0,257.6,0.0,0,149,25.6,0,0,1,0.0,GK,4.5,4.5
737,Billy Blacker,0,0,0,0,0,0.0,0.0,0.0,0,0,0.0,0,0,0,0.0,FWD,4.5,4.5
738,Oliver Arblaster,0,0,19,942,28,140.5,155.4,23.0,0,131,32.0,0,0,2,0.0,MID,4.5,4.5
739,Dovydas Sasnauskas,0,0,0,0,0,0.0,0.0,0.0,0,0,0.0,0,0,0,0.0,DEF,4.0,4.0
740,Sam Curtis,0,0,1,27,0,0.3,2.2,0.0,0,2,0.3,0,0,0,0.0,DEF,4.0,4.0
741,Owen Hampson,0,0,0,0,0,0.0,0.0,0.0,0,0,0.0,0,0,0,0.0,MID,4.5,4.5
742,Brennan Johnson,5,12,131,2317,42,624.3,554.4,782.0,9,397,196.3,5,0,3,2.0,MID,6.0,5.8
743,Brandon Austin,0,0,0,0,0,0.0,0.0,0.0,0,0,0.0,0,0,0,0.2,GK,4.0,3.9
744,Rodrigo Bentancur,1,1,32,997,25,174.9,193.0,156.0,0,153,52.1,1,0,7,0.0,MID,5.5,5.4
745,Yves Bissouma,0,0,44,2070,35,279.4,403.0,140.0,0,315,82.3,7,2,8,0.3,MID,5.0,5.0
746,Bryan Gil Salvatierra,0,0,12,200,11,70.1,28.6,59.0,0,41,15.9,0,0,0,0.0,MID,5.0,4.9
747,Ben Davies,1,2,34,1085,21,81.0,294.8,124.0,0,216,50.3,1,0,2,0.4,DEF,4.5,4.3
748,Eric Dier,0,0,2,199,8,1.0,55.8,4.0,0,31,6.0,0,0,0,0.3,DEF,4.5,4.2
749,Emerson Leite de Souza Junior,1,0,27,1152,31,119.5,316.0,55.0,4,233,49.4,0,0,4,0.8,DEF,4.5,4.3
750,Fraser Forster,0,0,0,0,0,0.0,0.0,0.0,0,0,0.0,0,0,0,1.6,GK,4.0,3.8
751,Pierre-Emile Højbjerg,0,0,39,1289,28,205.8,282.2,108.0,0,239,59.7,1,0,4,0.3,MID,5.5,5.1
752,Harry Kane,0,0,0,0,0,0.0,0.0,0.0,0,0,0.0,0,0,0,0.6,FWD,12.5,12.5
753,Dejan Kulusevski,8,3,130,2759,46,950.4,698.8,953.0,14,463,260.1,8,0,7,2.1,MID,7.0,6.7
754,Hugo Lloris,0,0,0,0,0,0.0,0.0,0.0,0,0,0.0,0,0,0,0.5,GK,5.0,4.7
755,Giovani Lo Celso,2,2,47,491,12,262.8,225.8,110.0,6,189,60.0,1,0,2,0.1,MID,5.0,4.8
756,James Maddison,4,11,117,2137,31,979.5,630.4,605.0,9,495,221.4,7,0,5,10.0,MID,7.5,7.8
757,Tanguy Ndombélé Alvaro,0,0,0,0,0,0.0,0.0,0.0,0,0,0.0,0,0,0,0.2,MID,4.5,4.4
758,Pedro Porro,3,8,136,3090,54,877.4,839.0,365.0,20,720,208.5,7,0,3,22.4,DEF,5.0,5.9
759,Ivan Perišić,0,1,6,98,1,71.2,41.6,27.0,0,34,14.0,0,0,2,0.7,DEF,5.0,4.7
760,Richarlison de Andrade,11,4,122,1481,18,208.4,560.6,758.0,7,305,152.1,7,0,3,2.5,MID,7.0,6.8
761,Joe Rodon,0,0,0,0,0,0.0,0.0,0.0,0,0,0.0,0,0,0,0.1,DEF,4.0,4.0
762,Cristian Romero,5,0,107,2790,46,161.9,841.8,252.0,15,591,125.9,7,1,7,12.2,DEF,4.5,5.1
763,Davinson Sánchez,0,0,0,76,2,5.0,17.0,4.0,0,9,2.6,0,0,1,0.1,DEF,4.5,4.4
764,Pape Matar Sarr,3,3,86,2063,27,373.3,406.0,317.0,4,397,110.2,9,0,9,1.6,MID,4.5,4.4
765,Ryan Sessegnon,0,0,0,0,0,0.0,0.0,0.0,0,0,0.0,0,0,0,0.0,DEF,4.5,4.4
766,Oliver Skipp,0,0,22,691,17,126.2,92.0,65.0,0,105,28.1,0,0,3,0.1,MID,5.0,4.5
767,Son Heung-min,17,10,213,2934,51,921.9,993.2,1131.0,25,707,304.7,8,0,1,34.4,MID,9.0,10.0
768,Djed Spence,0,0,0,0,0,0.0,0.0,0.0,0,0,0.0,0,0,0,0.2,DEF,4.0,4.0
769,Japhet Tanganga,0,0,0,0,0,0.0,0.0,0.0,0,0,0.0,0,0,0,0.3,DEF,4.0,4.0
770,Destiny Udogie,2,3,79,2391,43,357.9,534.8,279.0,8,402,117.3,5,1,5,5.2,DEF,4.5,4.9
771,Guglielmo Vicario,0,0,112,3420,61,0.0,974.2,0.0,9,730,97.4,7,0,2,9.4,GK,5.0,5.3
772,Alfie Whiteman,0,0,0,0,0,0.0,0.0,0.0,0,0,0.0,0,0,0,0.2,GK,4.0,3.9
773,Manor Solomon,0,2,14,196,2,144.3,73.4,61.0,2,53,28.0,0,0,1,0.1,MID,5.5,5.1
774,Micky van de Ven,3,0,81,2341,38,56.7,561.6,85.0,10,501,70.5,5,0,5,3.7,DEF,4.5,4.4
775,Dane Scarlett,0,0,4,19,0,0.4,2.0,6.0,0,10,0.8,0,0,0,0.1,FWD,4.5,4.5
776,Alejo Véliz,1,0,11,45,2,0.9,35.2,29.0,0,40,6.5,0,0,1,0.1,FWD,5.5,5.4
777,Ashley Phillips,0,0,0,0,0,0.0,0.0,0.0,0,0,0.0,0,0,0,0.1,DEF,4.0,4.0
778,Jamie Donley,0,0,2,3,1,0.0,3.0,0.0,0,3,0.3,0,0,1,0.1,FWD,4.5,4.5
779,Alfie Dorrington,0,0,0,0,0,0.0,0.0,0.0,0,0,0.0,0,0,0,0.0,DEF,4.0,4.0
780,Yago de Santiago Alonso,0,0,0,0,0,0.0,0.0,0.0,0,0,0.0,0,0,0,0.0,MID,4.5,4.5
781,Timo Werner,2,4,46,808,16,239.0,179.0,305.0,5,173,72.3,0,0,1,0.5,FWD,6.5,6.3
782,Radu Dragusin,0,0,14,424,7,7.4,95.4,6.0,0,82,11.0,1,0,1,0.1,DEF,4.5,4.2
783,Mikey Moore,0,0,2,3,0,0.5,1.0,0.0,0,4,0.1,0,0,0,0.0,MID,4.5,4.5
784,Tyrese Hall,0,0,0,0,0,0.0,0.0,0.0,0,0,0.0,0,0,0,0.0,MID,4.5,4.5
785,Kalvin Phillips,0,0,10,394,13,23.3,35.6,31.0,0,27,9.1,0,1,1,0.0,MID,5.0,4.7
786,Nayef Aguerd,1,0,36,1857,44,58.1,439.4,145.0,0,282,64.4,2,1,1,0.5,DEF,4.5,4.4
787,Michail Antonio,6,2,78,1692,34,132.2,308.6,395.0,8,228,82.7,5,0,6,1.9,FWD,6.0,5.7
788,Alphonse Areola,0,0,116,2700,53,0.0,1023.2,0.0,11,598,102.4,4,0,1,22.3,GK,4.0,4.2
789,Saïd Benrahma,0,1,20,611,8,164.9,85.4,196.0,0,64,44.6,2,0,1,0.3,MID,6.0,5.6
790,Jarrod Bowen,16,6,182,3020,63,463.8,890.4,1130.0,14,519,247.8,5,0,2,12.1,MID,7.0,7.6
791,Maxwel Cornet,1,0,13,109,3,48.4,44.0,54.0,0,40,14.6,0,0,0,0.1,MID,5.5,5.2
792,Vladimír Coufal,0,7,85,3135,70,500.0,661.6,92.0,9,514,125.6,4,1,5,2.0,DEF,4.5,4.5
793,Conor Coventry,0,0,0,0,0,0.0,0.0,0.0,0,0,0.0,0,0,0,0.1,MID,4.5,4.3
794,Aaron Cresswell,0,0,10,431,11,77.2,58.8,2.0,0,71,13.9,0,0,1,0.3,DEF,4.5,4.2
795,Flynn Downes,0,0,0,0,0,0.0,0.0,0.0,0,0,0.0,0,0,0,0.0,MID,5.0,5.0
796,Emerson Palmieri dos Santos,1,4,82,3138,67,400.2,649.0,168.0,8,519,121.8,5,0,10,1.9,DEF,4.5,4.3
797,Lukasz Fabianski,0,0,24,721,21,0.0,245.6,0.0,1,152,24.6,1,0,0,1.3,GK,4.5,4.2
798,Pablo Fornals Malla,0,0,19,418,9,75.5,64.2,79.0,0,68,21.9,1,0,0,0.0,MID,5.0,4.6
799,Danny Ings,1,2,36,389,10,64.4,82.4,125.0,4,105,27.1,0,0,1,0.6,FWD,6.0,5.5
800,Ben Johnson,0,0,17,538,16,22.5,84.6,38.0,0,90,14.7,1,0,1,0.1,DEF,4.5,4.4
801,Thilo Kehrer,0,0,2,19,1,0.7,8.6,0.0,0,7,0.9,0,0,2,0.1,DEF,4.5,4.2
802,Divin Mubama,0,0,5,75,2,2.4,0.2,5.0,0,14,0.8,0,0,0,4.5,FWD,4.5,4.1
803,Lucas Tolentino Coelho de Lima,4,6,100,2627,52,722.3,570.6,343.0,7,398,163.7,4,0,10,1.4,MID,6.0,6.0
804,Gianluca Scamacca,0,0,0,0,0,0.0,0.0,0.0,0,0,0.0,0,0,0,0.0,FWD,6.0,6.0
805,Tomáš Souček,7,2,116,2867,64,262.5,751.6,488.0,9,456,150.3,5,0,7,0.8,MID,5.0,4.9
806,Nikola Vlašić,0,0,0,0,0,0.0,0.0,0.0,0,0,0.0,0,0,0,0.0,MID,4.5,4.5
807,Kurt Zouma,3,0,76,2838,63,55.1,636.8,227.0,6,444,92.0,3,0,3,1.5,DEF,4.5,4.5
808,Angelo Ogbonna,0,0,19,634,14,2.2,131.0,10.0,0,103,14.4,2,0,1,0.1,DEF,4.5,4.2
809,Edson Álvarez Velázquez,1,1,62,2375,45,193.1,545.8,89.0,3,345,82.7,5,0,11,0.2,MID,5.0,5.0
810,Joseph Anang,0,0,0,0,0,0.0,0.0,0.0,0,0,0.0,0,0,0,0.1,GK,4.0,4.0
811,James Ward-Prowse,7,7,146,3000,65,1023.5,831.0,324.0,19,708,217.5,5,0,4,5.3,MID,6.0,5.7
812,Konstantinos Mavropanos,1,0,40,1500,27,41.9,300.2,112.0,3,229,45.3,3,0,2,0.1,DEF,4.5,4.5
813,Mohammed Kudus,8,9,137,2485,61,472.9,667.2,566.0,13,476,170.8,3,0,6,3.0,MID,6.5,6.7
814,Lewis Orford,0,0,0,0,0,0.0,0.0,0.0,0,0,0.0,0,0,0,0.0,MID,4.5,4.5
815,Kaelan Casey,0,0,1,1,0,0.0,2.0,0.0,0,3,0.2,0,0,0,0.0,DEF,4.0,4.0
816,Oliver Scarles,0,0,0,0,0,0.0,0.0,0.0,0,0,0.0,0,0,0,0.0,DEF,4.0,4.0
817,Callum Marshall,0,0,0,0,0,0.0,0.0,0.0,0,0,0.0,0,0,0,0.0,FWD,4.5,4.5
818,George Earthy,1,0,8,33,0,2.0,32.8,33.0,0,27,6.9,0,0,0,0.0,MID,4.5,4.5
819,Tommy Doyle,0,0,38,1209,24,173.7,198.4,55.0,0,197,42.7,3,0,2,0.1,MID,4.5,4.4
820,Rayan Aït-Nouri,2,3,77,2327,43,376.9,448.4,253.0,6,365,107.7,3,0,7,3.9,DEF,4.5,4.6
821,Daniel Bentley,0,0,18,382,7,0.0,70.8,0.0,1,73,7.1,2,0,0,0.8,GK,4.0,3.9
822,Bendegúz Bolla,0,0,0,0,0,0.0,0.0,0.0,0,0,0.0,0,0,0,0.3,DEF,4.0,4.0
823,Hugo Bueno López,0,0,29,727,16,122.1,139.4,30.0,0,136,29.0,2,0,1,0.1,DEF,4.5,4.4
824,Francisco Jorge Tomás Oliveira,0,0,0,0,0,0.0,0.0,0.0,0,0,0.0,0,0,0,0.0,MID,4.5,4.5
825,Luke Cundle,0,0,0,0,0,0.0,0.0,0.0,0,0,0.0,0,0,0,0.0,MID,4.5,4.5
826,Craig Dawson,1,1,69,2209,38,108.6,611.8,222.0,6,421,94.4,6,0,7,0.4,DEF,4.5,4.5
827,Fábio Silva,0,0,8,259,8,51.6,25.2,93.0,0,7,16.9,1,0,2,0.2,FWD,5.5,5.2
828,Gonçalo Manuel Ganchinho Guedes,0,0,0,0,0,0.0,0.0,0.0,0,0,0.0,0,0,0,0.0,MID,5.5,5.4
829,Joe Hodge,0,0,0,0,0,0.0,0.0,0.0,0,0,0.0,0,0,0,0.0,MID,4.5,4.4
830,Ki-Jana Hoever,0,0,0,0,0,0.0,0.0,0.0,0,0,0.0,0,0,0,0.0,DEF,4.0,4.0
831,Hwang Hee-chan,12,3,125,2116,37,259.9,534.2,614.0,10,334,140.7,3,0,6,1.8,MID,5.5,5.4
832,João Victor Gomes da Silva,2,2,75,2646,51,372.3,493.2,196.0,3,359,106.1,4,0,11,0.1,MID,5.0,4.9
833,Jonathan Castro Otto,0,0,1,4,0,0.0,5.0,0.0,0,3,0.5,0,0,0,0.0,DEF,4.5,4.3
834,Bruno Cavaco Jordão,0,0,0,0,0,0.0,0.0,0.0,0,0,0.0,0,0,0,0.2,MID,4.5,4.3
835,Sasa Kalajdzic,2,0,24,158,2,48.7,94.0,66.0,4,88,20.7,1,0,0,0.1,FWD,5.0,4.9
836,Max Kilman,2,0,82,3420,65,233.1,853.6,212.0,3,592,130.2,5,0,7,1.7,DEF,4.5,4.4
837,Tom King,0,0,0,0,0,0.0,0.0,0.0,0,0,0.0,0,0,0,0.6,GK,4.0,3.9
838,Mario Lemina,4,1,95,2969,55,333.6,621.6,470.0,13,490,142.7,4,1,10,0.1,MID,5.0,4.9
839,Pedro Lomba Neto,2,11,86,1516,27,599.2,371.4,389.0,8,310,135.5,3,0,4,1.3,MID,5.5,5.5
840,Daniel Castelo Podence,0,0,0,0,0,0.0,0.0,0.0,0,0,0.0,0,0,0,0.0,MID,5.5,5.3
841,José Malheiro de Sá,0,1,107,3037,58,11.0,1003.4,0.0,8,622,101.6,4,0,1,2.0,GK,5.0,5.0
842,Pablo Sarabia,4,7,99,1737,27,795.3,469.2,418.0,8,358,168.4,6,0,5,0.5,MID,5.0,4.5
843,Matija Šarkić,0,0,0,0,0,0.0,0.0,0.0,0,0,0.0,0,0,0,0.2,GK,4.0,4.0
844,Nélson Cabral Semedo,0,2,63,3084,62,395.7,508.8,165.0,0,455,107.2,5,1,10,0.6,DEF,4.5,4.5
845,Toti António Gomes,1,4,82,2771,49,117.7,550.0,167.0,6,468,83.7,4,0,7,0.3,DEF,4.5,4.4
846,Boubacar Traoré,0,0,25,802,23,106.5,114.4,27.0,0,122,25.2,0,0,4,0.3,MID,4.5,4.3
847,Matheus Santos Carneiro Da Cunha,12,7,135,2438,46,409.8,786.0,872.0,15,520,206.4,6,0,9,2.4,FWD,5.5,5.5
848,Matt Doherty,1,0,41,1136,21,168.1,237.8,122.0,1,186,52.9,1,0,2,0.2,DEF,4.5,4.3
849,Santiago Bueno,0,0,13,819,18,27.1,173.8,2.0,0,124,20.3,0,0,1,0.0,DEF,4.5,4.5
850,Enso González,0,0,1,1,0,0.8,0.2,0.0,0,3,0.1,0,0,0,0.0,MID,5.0,5.0
851,Nathan Fraser,0,0,7,183,3,29.2,22.4,36.0,0,17,8.6,1,0,1,0.1,FWD,4.5,4.5
852,Jean-Ricner Bellegarde,2,2,45,948,24,170.1,189.8,163.0,1,150,52.2,0,1,0,0.0,MID,5.0,4.9
853,Matthew Whittingham,0,0,0,0,0,0.0,0.0,0.0,0,0,0.0,0,0,0,0.0,MID,4.5,4.5
854,Tawanda Chirewa,0,0,8,138,2,24.7,22.0,21.0,0,21,6.6,0,0,1,0.0,MID,4.5,4.4
855,Justin Hubner,0,0,0,0,0,0.0,0.0,0.0,0,0,0.0,0,0,0,0.0,DEF,4.0,4.0
856,Owen Hesketh,0,0,0,0,0,0.0,0.0,0.0,0,0,0.0,0,0,0,0.0,MID,4.5,4.5
857,Ty Barnett,0,0,0,0,0,0.0,0.0,0.0,0,0,0.0,0,0,0,0.0,MID,4.5,4.5
858,Harvey Griffiths,0,0,0,0,0,0.0,0.0,0.0,0,0,0.0,0,0,0,0.0,MID,4.5,4.5
859,Yerson Mosquera,0,0,0,0,0,0.0,0.0,0.0,0,0,0.0,0,0,0,0.0,DEF,4.0,4.0
860,Noha Lemina,0,0,0,0,0,0.0,0.0,0.0,0,0,0.0,0,0,0,0.0,MID,5.0,5.0
861,Wesley Okoduwa,0,0,0,0,0,0.0,0.0,0.0,0,0,0.0,0,0,0,0.0,DEF,4.0,4.0
862,Leon Chiwome,0,0,5,173,4,1.2,7.8,13.0,0,12,2.2,0,0,0,0.0,FWD,4.5,4.5
863,Fletcher Holman,0,0,0,0,0,0.0,0.0,0.0,0,0,0.0,0,0,0,0.0,FWD,4.5,4.5
864,Temple Ojinnaka,0,0,0,0,0,0.0,0.0,0.0,0,0,0.0,0,0,0,0.0,MID,4.5,4.5
